4
---
[[[np.float64(45.73437550284585), np.float64(4.015812594414313)], [np.float64(33.036603736786994), np.float64(0.08633193355746997)], [np.float64(0.7651859306107539), np.float64(0.03268595544006228)]], array([3.70207840e-01, 2.94427287e-03, 2.26154239e-03, 2.19029915e-03,
       2.04612138e-03, 2.23072252e-03, 2.12696333e-03, 2.05371492e-03,
       1.88242416e-03, 1.52357123e-03, 1.56129849e-03, 1.46991715e-03,
       1.59358072e-03, 1.68582109e-03, 1.64539269e-03, 1.59468584e-03,
       1.36905865e-03, 1.23795657e-03, 1.26725492e-03, 1.24479471e-03,
       1.39229109e-03, 1.26540386e-03, 1.49287261e-03, 1.48785260e-03,
       1.13611886e-03, 1.24131429e-03, 1.23630449e-03, 1.32707245e-03,
       1.17925109e-03, 1.36775816e-03, 1.20290456e-03, 1.18984537e-03,
       1.22160778e-03, 1.10332053e-03, 1.49314554e-03, 1.20974792e-03,
       1.15191879e-03, 1.16179771e-03, 1.13146064e-03, 1.12719191e-03,
       1.28603718e-03, 9.97951580e-04, 1.04042506e-03, 1.13160753e-03,
       1.16269646e-03, 1.05906701e-03, 1.17012477e-03, 1.02004493e-03,
       1.16148771e-03, 1.03751456e-03, 1.14243923e-03, 1.09579993e-03,
       1.05316964e-03, 9.80450287e-04, 1.04114061e-03, 9.99747327e-04,
       9.73611235e-04, 1.01155569e-03, 9.46419736e-04, 9.40652329e-04,
       9.30841683e-04, 9.18877655e-04, 8.68205977e-04, 9.21033653e-04,
       9.70274583e-04, 9.73842882e-04, 9.60872696e-04, 9.11501571e-04,
       9.70252597e-04, 9.70921336e-04, 9.24838547e-04, 9.58029015e-04,
       8.90999917e-04, 9.62715284e-04, 9.38056610e-04, 9.63256661e-04,
       9.25982865e-04, 8.98446723e-04, 8.42549636e-04, 7.88395715e-04,
       7.91879402e-04, 8.69087810e-04, 8.76133371e-04, 7.60992287e-04,
       9.06075211e-04, 7.91500535e-04, 8.27255662e-04, 8.67796568e-04,
       7.93692306e-04, 7.97706747e-04, 8.73745713e-04, 8.77882663e-04,
       7.87383787e-04, 7.55697906e-04, 7.54311422e-04, 7.69122256e-04,
       8.40368096e-04, 8.25447477e-04, 7.88272082e-04, 8.13731038e-04,
       8.39860532e-04, 7.83723269e-04, 8.38561109e-04, 8.20457407e-04,
       7.29928850e-04, 8.19354693e-04, 7.05826958e-04, 7.11418113e-04,
       7.07644670e-04, 7.15347461e-04, 7.09598990e-04, 7.34002010e-04,
       7.20023791e-04, 7.81626165e-04, 7.41816620e-04, 7.27706931e-04,
       6.77259110e-04, 6.85774213e-04, 6.87348520e-04, 6.67763496e-04,
       6.85826590e-04, 6.78933457e-04, 6.54403013e-04, 7.08168783e-04,
       7.05853535e-04, 6.48270580e-04, 6.70476282e-04, 6.50524363e-04,
       6.72537397e-04, 6.68886040e-04, 6.88371724e-04, 6.50707836e-04,
       6.13950186e-04, 6.63620138e-04, 7.08975032e-04, 6.77574398e-04,
       6.33076398e-04, 5.80981213e-04, 6.28643739e-04, 6.10163842e-04,
       7.06101404e-04, 6.61858475e-04, 5.91595353e-04, 5.74111640e-04,
       6.38589552e-04, 5.95115725e-04, 5.96137896e-04, 6.02149515e-04,
       5.87218241e-04, 5.85815296e-04, 5.86955479e-04, 6.09738434e-04,
       5.89718192e-04, 5.85267513e-04, 5.80156110e-04, 6.38465199e-04,
       5.42725893e-04, 5.39191050e-04, 5.33003496e-04, 5.53879724e-04,
       5.45035639e-04, 5.53926198e-04, 5.57507084e-04, 5.34260653e-04,
       5.14614511e-04, 5.22003402e-04, 4.55846057e-04, 5.14487532e-04,
       5.18125607e-04, 5.51939190e-04, 5.46354265e-04, 4.90121021e-04,
       5.14677334e-04, 5.44490605e-04, 5.40445690e-04, 5.17652554e-04,
       4.83398190e-04, 5.09038779e-04, 4.99594360e-04, 4.95642817e-04,
       5.17130274e-04, 5.55244225e-04, 5.37209566e-04, 4.80832713e-04,
       6.22355459e-04, 5.47690619e-04, 5.02367706e-04, 5.02078049e-04,
       5.65720416e-04, 5.15467476e-04, 5.00460926e-04, 4.84346872e-04,
       4.68364570e-04, 4.53076410e-04, 4.97747648e-04, 4.91869951e-04,
       5.12156937e-04, 4.88533234e-04, 5.19316212e-04, 5.53331561e-04,
       5.17907862e-04, 4.98366115e-04, 5.00942480e-04, 5.24825763e-04,
       4.83932542e-04, 4.99424579e-04, 4.96349568e-04, 5.38883016e-04,
       4.98116229e-04, 5.28182100e-04, 5.01318840e-04, 4.68188314e-04,
       4.85777931e-04, 4.78900701e-04, 4.98659206e-04, 4.57542203e-04,
       4.69420470e-04, 4.65832673e-04, 4.75309565e-04, 4.82989896e-04,
       4.89630499e-04, 4.51819774e-04, 5.09881020e-04, 4.89869255e-04,
       4.62340077e-04, 4.59990031e-04, 4.79641600e-04, 4.16347756e-04,
       4.52684635e-04, 4.69847332e-04, 4.89058984e-04, 4.80263001e-04,
       4.59021449e-04, 4.34649680e-04, 4.46020743e-04, 4.59061096e-04,
       4.29256321e-04, 4.64242687e-04, 4.44861279e-04, 4.65106376e-04,
       4.23713261e-04, 4.47618339e-04, 4.03378759e-04, 4.00832212e-04,
       4.11927194e-04, 3.93128380e-04, 3.79090907e-04, 4.26728952e-04,
       3.88650628e-04, 3.81467754e-04, 3.77030304e-04, 3.81290938e-04,
       3.72802033e-04, 3.39271799e-04, 3.91442302e-04, 3.68658878e-04,
       4.05719480e-04, 4.16052766e-04, 3.68347359e-04, 3.47886489e-04,
       3.42408524e-04, 3.55871220e-04, 3.37419645e-04, 3.35892686e-04,
       3.45478613e-04, 3.51592482e-04, 3.13319353e-04, 3.17084043e-04,
       3.62350681e-04, 2.95788273e-04, 3.42833607e-04, 3.49667474e-04,
       3.43657356e-04, 3.28459940e-04, 3.28776260e-04, 3.92405178e-04,
       3.37434746e-04, 3.73079730e-04, 3.59423996e-04, 3.77843237e-04,
       3.32009716e-04, 3.53813834e-04, 3.32150791e-04, 3.34228989e-04,
       3.45322692e-04, 3.82589655e-04, 3.56276900e-04, 3.20976057e-04,
       3.28990620e-04, 3.37782379e-04, 3.03060304e-04, 3.16919054e-04,
       3.37988743e-04, 3.43435707e-04, 3.33703413e-04, 3.67926667e-04,
       3.26256161e-04, 3.25613028e-04, 3.66211371e-04, 3.37856664e-04,
       3.31753400e-04, 2.91197877e-04, 3.03074519e-04, 3.13084250e-04,
       3.22221444e-04, 3.08811880e-04, 3.33372936e-04, 2.86657460e-04,
       3.18133399e-04, 3.27005139e-04, 3.07002598e-04, 2.89646088e-04,
       3.10253275e-04, 3.03357922e-04, 3.00521365e-04, 2.92905678e-04,
       3.01811551e-04, 2.97736235e-04, 3.00342915e-04, 2.82261381e-04,
       3.01137246e-04, 3.10963622e-04, 2.96109500e-04, 3.06232892e-04,
       3.00097473e-04, 2.81275010e-04, 2.67234556e-04, 2.84336776e-04,
       2.89130210e-04, 3.00471771e-04, 3.12170652e-04, 2.78666713e-04,
       2.74231588e-04, 2.44054997e-04, 2.61958825e-04, 2.62083827e-04,
       3.09425678e-04, 3.04277143e-04, 2.93872466e-04, 2.94316182e-04,
       2.55181292e-04, 3.00803831e-04, 2.98803796e-04, 3.28681030e-04,
       2.97041316e-04, 3.01524222e-04, 3.03921083e-04, 3.37453548e-04,
       3.15702504e-04, 3.06210524e-04, 3.31102517e-04, 3.04671592e-04,
       3.41015063e-04, 3.08037665e-04, 3.10502621e-04, 3.09062002e-04,
       3.00371319e-04, 2.95432642e-04, 2.78768876e-04, 3.01170505e-04,
       2.93089888e-04, 3.04629868e-04, 3.01670610e-04, 3.02464392e-04,
       2.87894196e-04, 2.77155460e-04, 2.94135701e-04, 3.07596973e-04,
       2.93672731e-04, 2.84455251e-04, 2.81131117e-04, 3.01363002e-04,
       2.82049198e-04, 3.45668671e-04, 3.11175439e-04, 3.08558467e-04,
       3.02810941e-04, 3.06454533e-04, 3.22557375e-04, 3.12365001e-04,
       3.15036121e-04, 3.04545045e-04, 2.87525567e-04, 2.84806890e-04,
       3.16279127e-04, 3.55930567e-04, 3.44060163e-04, 3.32466352e-04,
       3.64922249e-04, 3.82151098e-04, 3.59275559e-04, 3.38869761e-04,
       3.16199910e-04, 3.39400647e-04, 3.22041006e-04, 3.25287476e-04,
       3.10631358e-04, 3.28659378e-04, 3.15255362e-04, 3.14911583e-04,
       3.30697735e-04, 3.10958927e-04, 3.04072146e-04, 3.05959301e-04,
       3.56412478e-04, 2.97640394e-04, 3.34746760e-04, 3.07973174e-04,
       2.83369254e-04, 2.83795816e-04, 3.35128719e-04, 3.62054983e-04,
       3.33804140e-04, 3.32341101e-04, 3.10521886e-04, 3.32495307e-04,
       3.15730598e-04, 3.34798104e-04, 3.10660826e-04, 3.02404373e-04,
       3.48562448e-04, 2.88885034e-04, 3.21097121e-04, 3.24458330e-04,
       2.85590544e-04, 2.82299634e-04, 2.89335997e-04, 2.65873308e-04,
       2.96244288e-04, 2.86460936e-04, 2.98732828e-04, 3.26591037e-04,
       3.27083297e-04, 3.45229040e-04, 3.27417085e-04, 3.33392178e-04,
       3.08927619e-04, 3.20451384e-04, 3.16880180e-04, 3.48147428e-04,
       3.45874938e-04, 3.15364346e-04, 3.12756969e-04, 3.21858143e-04,
       2.91250155e-04, 3.27043596e-04, 3.28076362e-04, 3.39258240e-04,
       3.45691078e-04, 3.33280284e-04, 3.47746375e-04, 3.19942874e-04,
       3.56557438e-04, 2.85151653e-04, 2.85127808e-04, 3.12332228e-04,
       3.14010671e-04, 3.47937394e-04, 3.39245877e-04, 3.29346035e-04,
       3.31984987e-04, 3.82433006e-04, 2.97061983e-04, 3.24669994e-04,
       3.20896258e-04, 3.04394726e-04, 3.21516784e-04, 3.32057629e-04,
       3.51563663e-04, 3.20273723e-04, 3.59021396e-04, 3.07957992e-04,
       3.18442338e-04, 3.10291191e-04, 3.12122378e-04, 3.11955724e-04,
       2.80764518e-04, 3.04662919e-04, 2.96631609e-04, 3.74002188e-04,
       3.25645603e-04, 3.47876699e-04, 3.47574687e-04, 2.98991183e-04,
       2.98407638e-04, 3.39166471e-04, 3.08301957e-04, 3.10371325e-04,
       2.87609049e-04, 3.20123255e-04, 3.05502485e-04, 3.34331734e-04,
       3.22611269e-04, 2.95945152e-04, 3.47830612e-04, 3.46330928e-04,
       3.12381068e-04, 3.21704783e-04, 3.54487187e-04, 3.43217982e-04,
       3.47907277e-04, 3.27215582e-04, 3.27680422e-04, 3.05061773e-04,
       3.12292578e-04, 3.23067293e-04, 3.14518567e-04, 3.02786435e-04,
       3.10213497e-04, 3.19047798e-04, 2.80054644e-04, 2.99920600e-04,
       2.98709943e-04, 2.98622902e-04, 3.01377181e-04, 2.88961974e-04,
       3.10958781e-04, 3.02851268e-04, 3.68997541e-04, 3.20477677e-04,
       3.20444672e-04, 3.38117769e-04, 3.40765878e-04, 3.29525006e-04,
       3.84017658e-04, 3.58649269e-04, 3.19592999e-04, 3.53593006e-04,
       2.87135532e-04, 2.86782271e-04, 2.85468736e-04, 2.89996845e-04,
       2.86467329e-04, 3.12828773e-04, 2.97538714e-04, 3.12066447e-04,
       3.02958002e-04, 3.04563251e-04, 2.74722504e-04, 2.75036010e-04,
       3.20813126e-04, 2.70977510e-04, 2.62184043e-04, 2.83338353e-04,
       2.81162375e-04, 3.10088245e-04, 3.04354217e-04, 2.90635321e-04,
       2.78547688e-04, 2.79382233e-04, 2.96769768e-04, 2.80537312e-04,
       3.02917531e-04, 2.78184960e-04, 2.59606101e-04, 2.69238619e-04,
       2.59760824e-04, 2.62931712e-04, 2.82832399e-04, 2.88279242e-04,
       2.63051691e-04, 2.68565572e-04, 2.75788649e-04, 3.10433174e-04,
       2.94424891e-04, 3.22266405e-04, 2.68263608e-04, 3.02587804e-04,
       2.96562105e-04, 3.11384641e-04, 2.88012593e-04, 3.22673116e-04,
       2.99495232e-04, 3.08111698e-04, 3.14115308e-04, 3.20996984e-04,
       2.84079877e-04, 2.78645473e-04, 2.70951972e-04, 2.59929783e-04,
       2.71978820e-04, 2.60791614e-04, 2.75758384e-04, 2.68669685e-04,
       3.08801464e-04, 3.36282552e-04, 2.88177368e-04, 2.73994366e-04,
       3.21814094e-04, 2.79805347e-04, 3.19845575e-04, 3.18616008e-04,
       3.04612643e-04, 2.92262728e-04, 3.08301694e-04, 3.42099326e-04,
       3.01722735e-04, 2.65173968e-04, 2.74602904e-04, 2.76460939e-04,
       2.95497480e-04, 2.77956721e-04, 2.95234399e-04, 2.83401184e-04,
       3.21167085e-04, 3.49296177e-04, 3.27470482e-04, 3.08739357e-04,
       2.66150699e-04, 2.94341660e-04, 3.11881128e-04, 2.80716988e-04,
       2.49226825e-04, 2.69580533e-04, 2.81672530e-04, 2.92268498e-04,
       2.77091840e-04, 2.62522252e-04, 2.74341246e-04, 2.86909683e-04,
       3.53605269e-04, 2.94607924e-04, 2.76564817e-04, 2.78116263e-04,
       3.12256181e-04, 2.64335006e-04, 3.05153185e-04, 2.81497213e-04,
       2.98625721e-04, 3.15982166e-04, 3.03143706e-04, 2.77326773e-04,
       2.69481185e-04, 3.14148952e-04, 3.61483712e-04, 3.08355756e-04,
       3.14926408e-04, 2.93706839e-04, 2.78873373e-04, 2.79682739e-04,
       2.70379252e-04, 2.79537942e-04, 2.83376021e-04, 3.16598753e-04,
       3.17976611e-04, 3.10033744e-04, 2.83861974e-04, 2.62756592e-04,
       2.92685678e-04, 2.91038111e-04, 2.71712648e-04, 2.84723313e-04,
       2.96640512e-04, 2.70733422e-04, 3.02317042e-04, 2.83041295e-04,
       2.73155675e-04, 2.78675408e-04, 2.85016066e-04, 2.70845168e-04,
       2.73236028e-04, 2.80432054e-04, 3.00552229e-04, 2.62996608e-04,
       2.68308851e-04, 3.05741131e-04, 2.83423906e-04, 2.68842848e-04,
       2.71268520e-04, 2.94585525e-04, 2.98623789e-04, 2.99432340e-04,
       2.90008804e-04, 3.19060702e-04, 2.94638560e-04, 3.06888716e-04,
       2.91527578e-04, 2.99652480e-04, 2.76761091e-04, 2.87909870e-04,
       2.68729353e-04, 2.85052976e-04, 2.77782521e-04, 2.91303693e-04,
       2.59359428e-04, 3.01458937e-04, 2.81426331e-04, 3.04094312e-04,
       3.02045934e-04, 2.95084034e-04, 2.85813711e-04, 2.81424731e-04,
       2.73334862e-04, 2.71892147e-04, 2.88019783e-04, 3.05576959e-04,
       2.78197976e-04, 2.91773720e-04, 2.77643064e-04, 2.86908918e-04,
       2.92831957e-04, 2.90041004e-04, 2.97254575e-04, 2.83987649e-04,
       2.66762648e-04, 3.34223501e-04, 2.85406390e-04, 3.03636952e-04,
       2.69543192e-04, 2.93141920e-04, 3.03052944e-04, 3.01124579e-04,
       2.98630604e-04, 3.02545199e-04, 3.14946996e-04, 3.03126159e-04,
       3.34767360e-04, 3.10024681e-04, 2.98801370e-04, 2.67559986e-04,
       2.98150582e-04, 2.92224297e-04, 3.02887560e-04, 3.03163499e-04,
       3.21516534e-04, 3.02366996e-04, 3.07870872e-04, 3.20654386e-04,
       3.44062808e-04, 3.17078553e-04, 3.17871436e-04, 3.20573621e-04,
       3.04820928e-04, 3.22671396e-04, 2.87755689e-04, 3.11713758e-04,
       2.87596518e-04, 2.85401110e-04, 2.80131271e-04, 2.76401346e-04,
       2.86355713e-04, 2.67604942e-04, 2.84575972e-04, 3.50555242e-04,
       2.98790479e-04, 3.00430986e-04, 2.77010925e-04, 2.79998047e-04,
       2.62885377e-04, 2.69756532e-04, 2.88117329e-04, 2.91635789e-04,
       2.79272253e-04, 2.94854555e-04, 2.78767219e-04, 2.96970659e-04,
       2.97516889e-04, 2.74333334e-04, 2.92379740e-04, 2.98455700e-04,
       2.79430387e-04, 3.11401248e-04, 3.26925796e-04, 3.13305760e-04,
       2.94422136e-04, 3.02673320e-04, 2.91236862e-04, 2.81669887e-04,
       2.97509541e-04, 3.14018677e-04, 2.79184778e-04, 2.72688560e-04,
       2.76996101e-04, 2.70908659e-04, 2.68006324e-04, 2.73069886e-04,
       2.66613406e-04, 2.71720875e-04, 2.71891730e-04, 2.86252218e-04,
       2.54273768e-04, 2.40274085e-04, 2.64575585e-04, 2.50294814e-04,
       2.67544098e-04, 2.81065110e-04, 2.62303728e-04, 2.83068497e-04,
       2.81387225e-04, 2.67961593e-04, 2.83458776e-04, 2.82952890e-04,
       2.78319614e-04, 2.89962270e-04, 3.08424461e-04, 2.78129752e-04,
       2.71910819e-04, 2.60947071e-04, 2.84927875e-04, 2.77132652e-04,
       2.73432408e-04, 2.68937978e-04, 2.62920951e-04, 2.62719162e-04,
       2.61057037e-04, 2.47087577e-04, 2.65570010e-04, 2.60895488e-04,
       2.66400804e-04, 2.59499752e-04, 2.71999868e-04, 2.69542162e-04,
       2.80153517e-04, 2.72309806e-04, 2.49653514e-04, 2.70566242e-04,
       2.63078842e-04, 2.71272456e-04, 2.65314559e-04, 2.64049697e-04,
       2.67483295e-04, 2.81386388e-04, 2.77298118e-04, 2.71134799e-04,
       2.90508730e-04, 2.90469495e-04, 2.79950676e-04, 2.94820068e-04,
       2.69095986e-04, 2.60884865e-04, 2.82272075e-04, 2.74753422e-04,
       2.72157683e-04, 2.83412534e-04, 2.88401176e-04, 2.73301882e-04,
       2.61153250e-04, 2.86293296e-04, 2.69751527e-04, 2.76227423e-04,
       2.81429616e-04, 3.02624133e-04, 2.69405440e-04, 2.72606078e-04,
       2.84696131e-04, 2.89397033e-04, 2.77613225e-04, 2.57631324e-04,
       2.83401363e-04, 3.01575068e-04, 2.71175771e-04, 2.93935176e-04,
       2.65147236e-04, 2.54643993e-04, 2.96408708e-04, 2.83223288e-04,
       2.83323330e-04, 2.89127692e-04, 2.62404222e-04, 2.44949402e-04,
       2.38791767e-04, 2.51391264e-04, 2.63116836e-04, 2.74604421e-04,
       2.70841651e-04, 2.67199691e-04, 2.72801167e-04, 2.80240147e-04,
       2.69699305e-04, 2.73432832e-04, 2.69470754e-04, 2.60702892e-04,
       2.59972901e-04, 2.74836419e-04, 2.54593949e-04, 2.44312975e-04,
       2.43769724e-04, 2.54573008e-04, 2.54304742e-04, 2.73520447e-04,
       2.75476117e-04, 2.44563092e-04, 2.63971592e-04, 2.63275431e-04,
       2.60747279e-04, 2.66842550e-04, 2.57469704e-04, 2.61595684e-04,
       2.81666388e-04, 2.75152249e-04, 2.47530368e-04, 2.57824495e-04,
       2.49887347e-04, 2.78313683e-04, 2.63865216e-04, 2.62154099e-04,
       2.44740234e-04, 2.64115438e-04, 2.57247443e-04, 2.42361346e-04,
       2.57355754e-04, 2.60902032e-04, 2.79530910e-04, 2.62769953e-04,
       2.60685004e-04, 2.57029420e-04, 2.50242487e-04, 2.59264673e-04,
       2.46237171e-04, 2.41566818e-04, 2.35859250e-04, 2.54989759e-04,
       2.55897314e-04, 2.62380363e-04, 2.53205301e-04, 2.52040523e-04,
       2.66756837e-04, 2.62115045e-04, 2.42736835e-04, 2.51796951e-04,
       2.77512865e-04, 2.49805900e-04, 2.46567542e-04, 2.33296520e-04,
       2.33939443e-04, 2.35126170e-04, 2.54361773e-04, 2.38163750e-04,
       2.25448936e-04, 2.41326516e-04, 2.67707683e-04, 2.43441668e-04,
       2.43409000e-04, 2.60092026e-04, 2.66367025e-04, 2.41241402e-04,
       2.29580831e-04, 2.53446112e-04, 2.53102856e-04, 2.49244528e-04,
       2.39439865e-04, 2.24452254e-04, 2.30855122e-04, 2.27363769e-04,
       2.28473234e-04, 2.50323006e-04, 2.44342482e-04, 2.43737587e-04,
       2.52422859e-04, 2.26371874e-04, 2.29512783e-04, 2.77768620e-04,
       2.66654596e-04, 2.74190101e-04, 2.56688126e-04, 2.47328492e-04,
       2.41342565e-04, 2.54932299e-04, 2.37883963e-04, 2.53109604e-04,
       2.68535291e-04, 2.63117242e-04, 2.66185527e-04, 2.54671865e-04,
       2.53660438e-04, 2.42221397e-04, 2.52533369e-04, 2.58290656e-04,
       2.80039988e-04, 2.69538554e-04, 2.61943686e-04, 2.73962670e-04,
       2.73223385e-04, 2.61711641e-04, 2.49070962e-04, 2.54424831e-04,
       2.44063611e-04, 2.64333879e-04, 2.54068668e-04, 2.55981116e-04,
       2.55575221e-04, 2.73594588e-04, 2.61323503e-04, 2.66280138e-04,
       2.68633069e-04, 2.69190741e-04, 2.52774442e-04, 2.41254180e-04,
       2.67982873e-04, 2.51919246e-04, 2.69251281e-04, 2.70115068e-04,
       2.55927001e-04, 2.53849114e-04, 2.66683780e-04, 2.46335120e-04,
       2.51537575e-04, 2.71558314e-04, 2.45187152e-04, 2.53994710e-04,
       2.55284262e-04, 2.82564699e-04, 2.57261831e-04, 2.56366582e-04,
       2.42806131e-04, 2.24183343e-04, 2.40966041e-04, 2.39506316e-04,
       2.43274095e-04, 2.39771630e-04, 2.30721375e-04, 2.30936261e-04,
       2.50912747e-04, 2.45035792e-04, 2.23042049e-04, 2.28747363e-04,
       2.36203151e-04, 2.54148033e-04, 2.63441850e-04, 2.55285359e-04,
       2.36000578e-04, 2.28886629e-04, 2.24571275e-04, 2.27709387e-04,
       2.34055649e-04, 2.21386753e-04, 2.18744193e-04, 2.23256608e-04,
       2.27905099e-04, 2.29270513e-04, 2.21300402e-04, 2.38302577e-04,
       2.57286200e-04, 2.24042369e-04, 2.38726576e-04, 2.33168867e-04,
       2.35849381e-04, 2.41254221e-04, 2.41901140e-04, 2.14696928e-04,
       2.49413197e-04, 2.38893467e-04, 2.32572927e-04, 2.32085445e-04,
       2.35191696e-04, 2.20882982e-04, 2.30205194e-04, 2.41301649e-04,
       2.41206424e-04, 2.30171194e-04, 2.12311709e-04, 2.18436785e-04,
       2.29606939e-04, 2.36869512e-04, 2.31901241e-04, 2.20448780e-04,
       2.39390565e-04, 2.43242681e-04, 2.39014218e-04, 2.46261341e-04,
       2.29495213e-04, 2.49852027e-04, 2.38396479e-04, 2.24936447e-04,
       2.28680126e-04, 2.13680351e-04, 2.10809752e-04, 2.23349571e-04,
       2.12062952e-04, 2.24032182e-04, 2.27112986e-04, 2.39951672e-04,
       2.38145882e-04, 2.27457954e-04, 2.17733317e-04, 2.34794489e-04,
       2.33946547e-04, 2.19528999e-04, 2.18854050e-04, 2.48183357e-04,
       2.47503344e-04, 2.34895928e-04, 2.30629898e-04, 2.32752671e-04,
       2.30041450e-04, 2.31582412e-04, 2.26493607e-04, 2.23797013e-04,
       2.18327892e-04, 2.15564650e-04, 2.03157165e-04, 2.13578239e-04,
       2.30687273e-04, 2.24854965e-04, 2.29924761e-04, 2.22612363e-04,
       2.17532365e-04, 2.10898312e-04, 2.18433493e-04, 2.33652578e-04,
       2.26553604e-04, 2.15287894e-04, 2.24300077e-04, 2.12674536e-04,
       2.20104336e-04, 2.19485767e-04, 2.17650857e-04, 2.06425439e-04,
       2.19307627e-04, 2.27915483e-04, 2.33153330e-04, 2.21024258e-04,
       2.17672193e-04, 2.10205606e-04, 2.11700018e-04, 2.11804738e-04,
       2.21079287e-04, 2.09198213e-04, 2.09414975e-04, 2.21213108e-04,
       2.11029995e-04, 2.14255992e-04, 2.17580644e-04, 2.11140362e-04,
       2.21150724e-04, 2.35358933e-04, 2.22607312e-04, 2.34366277e-04,
       2.22570771e-04, 2.17778918e-04, 2.33301933e-04, 2.24155994e-04,
       2.18155801e-04, 2.30526553e-04, 2.15340521e-04, 2.11641405e-04,
       2.25758294e-04, 2.18500545e-04, 2.36246573e-04, 2.33088659e-04,
       2.24138388e-04, 2.22157008e-04, 2.33274353e-04, 2.28725173e-04,
       2.22928424e-04, 2.18344567e-04, 2.20017712e-04, 2.18345112e-04,
       2.20146810e-04, 2.36666627e-04, 2.51405420e-04, 2.20026261e-04,
       2.19907477e-04, 2.21291342e-04, 2.28894174e-04, 2.19055652e-04,
       2.33564720e-04, 2.19887778e-04, 2.24805624e-04, 2.18467613e-04,
       2.09531297e-04, 2.07941498e-04, 2.15549424e-04, 2.07553925e-04,
       2.06087436e-04, 2.06727804e-04, 2.15257709e-04, 2.03068305e-04,
       2.04621404e-04, 2.03308756e-04, 2.13575742e-04, 2.03456177e-04,
       2.05372536e-04, 1.96799440e-04, 1.93792352e-04, 1.95855771e-04,
       1.90765777e-04, 1.88265145e-04, 1.87890875e-04, 1.99091540e-04,
       1.99992725e-04, 1.92827352e-04, 1.95032831e-04, 1.94160321e-04,
       1.90718217e-04, 1.94088242e-04, 2.14688328e-04, 2.12261241e-04,
       2.12040645e-04, 2.03724086e-04, 2.09785835e-04, 2.08373359e-04,
       2.17956867e-04, 2.05867403e-04, 2.10694273e-04, 2.02026249e-04,
       2.09413692e-04, 2.06397871e-04, 2.15034300e-04, 2.00825373e-04,
       2.07739658e-04, 2.04770805e-04, 2.12036561e-04, 2.15680554e-04,
       2.22960800e-04, 2.28101002e-04, 2.29740095e-04, 2.20697692e-04,
       2.37356124e-04, 2.30261425e-04, 2.13843668e-04, 2.16218732e-04,
       2.22739061e-04, 2.15795159e-04, 2.17235087e-04, 2.12322519e-04,
       2.17699475e-04, 2.14952397e-04, 2.14287525e-04, 2.18710616e-04,
       2.16792474e-04, 2.13716689e-04, 2.18557656e-04, 2.11922478e-04,
       2.04309733e-04, 2.17219957e-04, 2.31762351e-04, 2.19829738e-04,
       2.32195146e-04, 2.24617666e-04, 2.28448860e-04, 2.38756092e-04,
       2.41256985e-04, 2.33420624e-04, 2.19970159e-04, 2.23515596e-04,
       2.36574381e-04, 2.38749475e-04, 2.35130268e-04, 2.25783962e-04,
       2.46116212e-04, 2.30691709e-04, 2.25889622e-04, 2.31193023e-04,
       2.27701481e-04, 2.19293900e-04, 2.28353169e-04, 2.39323305e-04,
       2.32463708e-04, 2.28630405e-04, 2.22584987e-04, 2.14393046e-04,
       2.39322034e-04, 2.29184877e-04, 2.39792194e-04, 2.35730852e-04,
       2.26803667e-04, 2.18269433e-04, 2.22688472e-04, 2.14493469e-04,
       2.24696244e-04, 2.23610216e-04, 2.22957263e-04, 2.15693928e-04,
       2.26642258e-04, 2.17651985e-04, 2.11963539e-04, 2.09704889e-04,
       2.01498194e-04, 1.95406651e-04, 1.96832840e-04, 2.02603244e-04,
       2.04213329e-04, 1.96375804e-04, 2.02527807e-04, 2.05643817e-04,
       1.95670092e-04, 2.05876819e-04, 2.05933055e-04, 1.98044376e-04,
       2.08646423e-04, 2.15363563e-04, 2.19011940e-04, 2.15914145e-04,
       2.10585461e-04, 2.14146772e-04, 2.16888631e-04, 2.10750211e-04,
       2.18294496e-04, 2.28332202e-04, 2.38584140e-04, 2.40676846e-04,
       2.33569448e-04, 2.29814169e-04, 2.13580609e-04, 2.08842478e-04,
       2.18590589e-04, 2.17215131e-04, 2.28906138e-04, 2.24852843e-04,
       2.26878702e-04, 2.26542607e-04, 2.16935145e-04, 2.32998689e-04,
       2.08895131e-04, 2.17061116e-04, 2.22831157e-04, 2.30433104e-04,
       2.39791189e-04, 2.49994909e-04, 2.24268192e-04, 2.18137859e-04,
       2.13540662e-04, 2.21724369e-04, 2.30876601e-04, 2.34960030e-04,
       2.32821617e-04, 2.31204419e-04, 2.22611946e-04, 2.28754884e-04,
       2.22149398e-04, 2.19585561e-04, 2.21259360e-04, 2.20255302e-04,
       2.20859233e-04, 2.05941179e-04, 2.18423648e-04, 2.18541076e-04,
       2.10545579e-04, 2.16005955e-04, 2.33435411e-04, 2.25371694e-04,
       2.20467457e-04, 2.22852687e-04, 2.27714155e-04, 2.16791348e-04,
       2.15671349e-04, 2.00911935e-04, 2.14139009e-04, 2.17554224e-04,
       2.14839316e-04, 2.14309670e-04, 2.09935280e-04, 2.15663924e-04,
       2.12201433e-04, 2.04745407e-04, 2.01960762e-04, 2.06045838e-04,
       2.12617604e-04, 2.08270212e-04, 2.10565997e-04, 2.18647088e-04,
       2.07462192e-04, 2.01772957e-04, 1.98635352e-04, 1.99762316e-04,
       1.88303856e-04, 2.10668334e-04, 2.14387228e-04, 2.06238165e-04,
       1.99660798e-04, 2.18620304e-04, 2.13304321e-04, 2.00423231e-04,
       2.06949098e-04, 2.00168761e-04, 2.03469908e-04, 1.98887013e-04,
       2.01713392e-04, 2.01476088e-04, 1.94485974e-04, 1.93564667e-04,
       1.96649877e-04, 1.87949742e-04, 1.91972750e-04, 1.86900336e-04,
       1.98053778e-04, 1.94183012e-04, 1.96134796e-04, 1.95842541e-04,
       2.09778311e-04, 2.09514079e-04, 2.02945787e-04, 2.12915572e-04,
       2.05817558e-04, 2.03568062e-04, 1.91704950e-04, 1.90389954e-04,
       1.94497592e-04, 2.00578658e-04, 2.01887962e-04, 2.05225254e-04,
       2.13963692e-04, 2.03586540e-04, 1.99779169e-04, 2.04729335e-04,
       2.01655384e-04, 2.03017652e-04, 1.97410719e-04, 1.88973081e-04,
       1.92817029e-04, 1.95743126e-04, 1.98436096e-04, 1.98796824e-04,
       1.95783646e-04, 1.93578464e-04, 1.98574481e-04, 1.97069634e-04,
       2.14304868e-04, 2.11080793e-04, 2.12431191e-04, 2.12871480e-04,
       2.09900944e-04, 2.01422567e-04, 1.95185270e-04, 2.10650958e-04,
       2.09310270e-04, 2.01212653e-04, 1.92470279e-04, 2.04476519e-04,
       1.89520887e-04, 1.90965563e-04, 2.01159486e-04, 1.91049778e-04,
       2.04487063e-04, 2.02231642e-04, 1.99494930e-04, 1.92096331e-04,
       1.82992534e-04, 1.85748211e-04, 2.02979217e-04, 1.95535540e-04,
       1.95974539e-04, 1.94612655e-04, 1.93293519e-04, 1.90977389e-04,
       1.92034751e-04, 1.93706710e-04, 1.91276160e-04, 1.86127439e-04,
       1.89207322e-04, 1.86767314e-04, 1.95800771e-04, 1.94724928e-04,
       1.89238136e-04, 1.89165112e-04, 1.85700783e-04, 1.83406855e-04,
       1.89353702e-04, 1.96767088e-04, 1.94915323e-04, 2.07244172e-04,
       2.11383779e-04, 1.95553818e-04, 1.88280580e-04, 1.86614160e-04,
       1.73206555e-04, 1.76868350e-04, 1.70127696e-04, 1.68535692e-04,
       1.70754986e-04, 1.73436415e-04, 1.67508153e-04, 1.69038051e-04,
       1.63771288e-04, 1.66235738e-04, 1.63248229e-04, 1.66219019e-04,
       1.67038178e-04, 1.60981035e-04, 1.78735118e-04, 1.72464607e-04,
       1.79936507e-04, 1.74782969e-04, 1.69807250e-04, 1.63524738e-04,
       1.64726663e-04, 1.71866928e-04, 1.78422578e-04, 1.68252060e-04,
       1.65672405e-04, 1.66363413e-04, 1.68647196e-04, 1.66930637e-04,
       1.67196443e-04, 1.64124530e-04, 1.64398720e-04, 1.64278357e-04,
       1.64473398e-04, 1.69769884e-04, 1.77643938e-04, 1.92640256e-04,
       1.87263475e-04, 1.85225685e-04, 1.85899943e-04, 1.79456220e-04,
       1.72403490e-04, 1.72067242e-04, 1.69121146e-04, 1.69527463e-04,
       1.73999443e-04, 1.79136020e-04, 1.74960646e-04, 1.66455940e-04,
       1.63838297e-04, 1.70906153e-04, 1.62915217e-04, 1.65061413e-04,
       1.64599201e-04, 1.61255748e-04, 1.68431361e-04, 1.63842982e-04,
       1.76042214e-04, 1.70826314e-04, 1.72927686e-04, 1.72979251e-04,
       1.76360945e-04, 1.68008476e-04, 1.61032408e-04, 1.73247725e-04,
       1.71542365e-04, 1.76449616e-04, 1.73702846e-04, 1.80060943e-04,
       1.74932661e-04, 1.68333348e-04, 1.62034216e-04, 1.66312351e-04,
       1.70632704e-04, 1.73681426e-04, 1.82970842e-04, 1.81110234e-04,
       1.94932285e-04, 1.80544331e-04, 1.79802171e-04, 1.71575077e-04,
       1.72122012e-04, 1.76811123e-04, 1.80838603e-04, 1.83251087e-04,
       1.79172326e-04, 1.89570505e-04, 1.75948036e-04, 1.69882445e-04,
       1.78385730e-04, 1.68004067e-04, 1.70604818e-04, 1.74658593e-04,
       1.80777499e-04, 1.87270014e-04, 1.85957561e-04, 1.84315620e-04,
       1.81335380e-04, 1.83305853e-04, 1.84072855e-04, 1.81847809e-04,
       1.85230906e-04, 1.81683091e-04, 1.80851888e-04, 1.78787148e-04,
       1.73152509e-04, 1.69906388e-04, 1.71392643e-04, 1.80540002e-04,
       1.83623403e-04, 1.84475556e-04, 1.73627553e-04, 1.74044361e-04,
       1.79627196e-04, 1.74939251e-04, 1.76233903e-04, 1.77242014e-04,
       1.82312195e-04, 1.84589855e-04, 1.86715338e-04, 1.71824573e-04,
       1.75317637e-04, 1.74798127e-04, 1.75622202e-04, 1.74829113e-04,
       1.76898586e-04, 1.83714201e-04, 1.73108676e-04, 1.68378210e-04,
       1.69115977e-04, 1.70190908e-04, 1.76583340e-04, 1.76618994e-04,
       1.74562568e-04, 1.59689244e-04, 1.63717235e-04, 1.74539702e-04,
       1.60094615e-04, 1.61464605e-04, 1.69060268e-04, 1.64521163e-04,
       1.63060887e-04, 1.63401438e-04, 1.59419041e-04, 1.61809854e-04,
       1.67668496e-04, 1.53380484e-04, 1.62543206e-04, 1.57689173e-04,
       1.60732245e-04, 1.58105589e-04, 1.64191684e-04, 1.54967371e-04,
       1.61020438e-04, 1.63918401e-04, 1.60773609e-04, 1.61601461e-04,
       1.64496965e-04, 1.64728436e-04, 1.60305802e-04, 1.65593874e-04,
       1.66633848e-04, 1.64348064e-04, 1.75194996e-04, 1.68215122e-04,
       1.67907769e-04, 1.65592630e-04, 1.60899894e-04, 1.62701562e-04,
       1.54815698e-04, 1.53208276e-04, 1.42532259e-04, 1.47299266e-04,
       1.45312422e-04, 1.36387744e-04, 1.43964426e-04, 1.40245534e-04,
       1.32975362e-04, 1.44264970e-04, 1.37751736e-04, 1.47241808e-04,
       1.47600758e-04, 1.53822914e-04, 1.43476186e-04, 1.40972118e-04,
       1.51198413e-04, 1.47039409e-04, 1.50357980e-04, 1.49189446e-04,
       1.51892927e-04, 1.58043687e-04, 1.52275843e-04, 1.43359680e-04,
       1.40743179e-04, 1.41291134e-04, 1.42732082e-04, 1.35470185e-04,
       1.32795392e-04, 1.35664053e-04, 1.38403179e-04, 1.34864272e-04,
       1.37803759e-04, 1.43164114e-04, 1.48698921e-04, 1.59754922e-04,
       1.63524793e-04, 1.62425766e-04, 1.58048748e-04, 1.52583135e-04,
       1.51964611e-04, 1.51509036e-04, 1.51940216e-04, 1.56011473e-04,
       1.51100801e-04, 1.54841107e-04, 1.57250849e-04, 1.53924564e-04,
       1.58674943e-04, 1.63437233e-04, 1.53559689e-04, 1.55254042e-04,
       1.50071979e-04, 1.57667186e-04, 1.55083448e-04, 1.54371101e-04,
       1.47241373e-04, 1.58516960e-04, 1.45812043e-04, 1.54438380e-04,
       1.43348993e-04, 1.44116802e-04, 1.54809166e-04, 1.50726227e-04,
       1.42089926e-04, 1.47916295e-04, 1.48410502e-04, 1.44451583e-04,
       1.31701389e-04, 1.38313322e-04, 1.42604471e-04, 1.43548225e-04,
       1.57252853e-04, 1.39412682e-04, 1.40099673e-04, 1.32235674e-04,
       1.27655742e-04, 1.27444069e-04, 1.27220062e-04, 1.22101373e-04,
       1.22357499e-04, 1.19226633e-04, 1.24671438e-04, 1.37196096e-04,
       1.31137692e-04, 1.36860210e-04, 1.33026528e-04, 1.29662148e-04,
       1.42004285e-04, 1.32887803e-04, 1.32255733e-04, 1.33378961e-04,
       1.30935359e-04, 1.22190106e-04, 1.32371705e-04, 1.26746260e-04,
       1.30265862e-04, 1.28925497e-04, 1.30551480e-04, 1.31352580e-04,
       1.27872158e-04, 1.26232025e-04, 1.27575138e-04, 1.23323335e-04,
       1.22184188e-04, 1.20239696e-04, 1.27340578e-04, 1.36132184e-04,
       1.29052900e-04, 1.31392023e-04, 1.33060365e-04, 1.31921678e-04,
       1.34660380e-04, 1.49655854e-04, 1.43016617e-04, 1.39373009e-04,
       1.37670719e-04, 1.41286900e-04, 1.36788191e-04, 1.39376288e-04,
       1.36490850e-04, 1.42264043e-04, 1.51079328e-04, 1.42741130e-04,
       1.39861243e-04, 1.40353459e-04, 1.34194695e-04, 1.24657267e-04,
       1.25474696e-04, 1.23122298e-04, 1.25513701e-04, 1.23975762e-04,
       1.33395617e-04, 1.27128486e-04, 1.34580757e-04, 1.26628223e-04,
       1.30540074e-04, 1.37820827e-04, 1.33261953e-04, 1.35767476e-04,
       1.35263561e-04, 1.26915395e-04, 1.23820428e-04, 1.25153633e-04,
       1.23702314e-04, 1.19412625e-04, 1.30375573e-04, 1.19766324e-04,
       1.16957584e-04, 1.13919664e-04, 1.25349204e-04, 1.25279070e-04,
       1.29870418e-04, 1.25298903e-04, 1.26816712e-04, 1.36254377e-04,
       1.26168340e-04, 1.34330513e-04, 1.24037617e-04, 1.29001685e-04,
       1.33204223e-04, 1.22628482e-04, 1.23826212e-04, 1.31263107e-04,
       1.33207717e-04, 1.24977041e-04, 1.14884784e-04, 1.15839867e-04,
       1.26305865e-04, 1.29526477e-04, 1.22112477e-04, 1.16103026e-04,
       1.22286227e-04, 1.13331637e-04, 1.19819848e-04, 1.18948557e-04,
       1.21740990e-04, 1.30989163e-04, 1.25053737e-04, 1.33418671e-04,
       1.34384116e-04, 1.17629180e-04, 1.25765849e-04, 1.24488579e-04,
       1.20608836e-04, 1.39483450e-04, 1.36320202e-04, 1.22816250e-04,
       1.27540357e-04, 1.20866392e-04, 1.27583713e-04, 1.27185943e-04,
       1.24857471e-04, 1.26271302e-04, 1.20616749e-04, 1.17862112e-04,
       1.23291652e-04, 1.20037283e-04, 1.13097312e-04, 1.12832903e-04,
       1.14003884e-04, 1.13338511e-04, 1.20169661e-04, 1.12391330e-04,
       1.14578381e-04, 1.08031168e-04, 1.05937521e-04, 1.20456458e-04,
       1.16238770e-04, 1.16791375e-04, 1.07225138e-04, 1.11747648e-04,
       1.16587200e-04, 1.21482047e-04, 1.17466536e-04, 1.15605511e-04,
       1.17400675e-04, 1.23873501e-04, 1.16444299e-04, 1.21757230e-04,
       1.23620358e-04, 1.22317003e-04, 1.27994434e-04, 1.15201474e-04,
       1.16633152e-04, 1.25420101e-04, 1.26349608e-04, 1.23841633e-04,
       1.21024143e-04, 1.30700404e-04, 1.19237022e-04, 1.13842508e-04,
       1.24321641e-04, 1.23583069e-04, 1.15581966e-04, 1.20023161e-04,
       1.29051255e-04, 1.31756267e-04, 1.19357319e-04, 1.10715847e-04,
       1.25866798e-04, 1.16455408e-04, 1.13785669e-04, 1.28785916e-04,
       1.06627095e-04, 1.07660764e-04, 1.04335415e-04, 1.09177388e-04,
       1.10299212e-04, 1.13656282e-04, 1.06518138e-04, 1.02154666e-04,
       1.06888248e-04, 1.07582829e-04, 1.14099497e-04, 1.11450941e-04,
       1.00901891e-04, 1.02404889e-04, 1.01290622e-04, 1.02449077e-04,
       9.72559506e-05, 9.05622362e-05, 9.05740212e-05, 9.51678860e-05,
       9.61886469e-05, 9.97124588e-05, 1.04012025e-04, 9.63525876e-05,
       1.08125035e-04, 1.08978158e-04, 1.06554015e-04, 1.01482174e-04,
       1.09532458e-04, 9.73401966e-05, 9.09818693e-05, 8.90101912e-05,
       1.05139133e-04, 8.48707271e-05, 9.23095330e-05, 1.00565187e-04,
       9.93199876e-05, 9.79815706e-05, 1.08256257e-04, 1.14056660e-04,
       1.08889772e-04, 1.08832684e-04, 1.06400162e-04, 1.03704842e-04,
       1.02581454e-04, 1.04398967e-04, 1.04010596e-04, 1.03070596e-04,
       1.06298446e-04, 1.07946945e-04, 1.05421098e-04, 1.09038835e-04,
       1.17248376e-04, 1.10376647e-04, 1.07395127e-04, 1.21756485e-04,
       1.18158271e-04, 1.13357239e-04, 9.81754062e-05, 9.68405660e-05,
       1.00484393e-04, 1.02992845e-04, 1.01721364e-04, 9.85453921e-05,
       9.07334073e-05, 9.44479319e-05, 9.48692989e-05, 9.25839117e-05,
       9.86106061e-05, 1.04720853e-04, 9.97543004e-05, 1.01532926e-04,
       1.00391482e-04, 1.16942657e-04, 9.22352629e-05, 9.10989141e-05,
       9.47785360e-05, 8.66020368e-05, 8.90254395e-05, 8.68130689e-05,
       8.26398560e-05, 8.77258202e-05, 8.60212765e-05, 8.47238801e-05,
       8.59823940e-05, 8.66357940e-05, 9.18502224e-05, 8.18757257e-05,
       7.81328357e-05, 7.57375770e-05, 8.35179893e-05, 8.71343482e-05,
       8.84491224e-05, 8.51469215e-05, 8.47825788e-05, 8.94088246e-05,
       8.28863302e-05, 8.88556082e-05, 9.52575590e-05, 9.45761956e-05,
       9.05185343e-05, 9.00679898e-05, 9.41688240e-05, 9.05160948e-05,
       8.95901423e-05, 8.17937216e-05, 8.70876222e-05, 8.44188189e-05,
       9.53726926e-05, 9.22982831e-05, 9.36830322e-05, 8.45399060e-05,
       9.18724139e-05, 7.87922895e-05, 8.59910342e-05, 8.61968445e-05,
       7.98270407e-05, 8.76735155e-05, 8.68885373e-05, 8.06001757e-05,
       8.18773772e-05, 8.70076084e-05, 7.79902037e-05, 8.58090785e-05,
       8.80582416e-05, 7.75118546e-05, 8.93837012e-05, 8.75752189e-05,
       7.46176642e-05, 7.88437331e-05, 8.80055794e-05, 8.53315094e-05,
       9.67846180e-05, 9.24944794e-05, 9.05608614e-05, 7.83711659e-05,
       8.33808787e-05, 9.38451316e-05, 8.17984658e-05, 8.02526502e-05,
       9.40045023e-05, 7.98831649e-05, 8.01560758e-05, 8.39059979e-05,
       7.88270682e-05, 8.06822512e-05, 8.65619307e-05, 7.99288627e-05,
       7.90802330e-05, 8.10469822e-05, 7.69695690e-05, 8.44200806e-05,
       8.75240445e-05, 8.13542146e-05, 8.04714571e-05, 7.77987442e-05,
       7.26628556e-05, 7.74048874e-05, 7.98956217e-05, 7.62244178e-05,
       8.18087917e-05, 8.31005397e-05, 7.97281711e-05, 8.25147608e-05,
       8.18171610e-05, 7.96315984e-05, 7.54942415e-05, 7.33308410e-05,
       7.94980779e-05, 8.21615018e-05, 8.16712080e-05, 8.36973631e-05,
       8.44691134e-05, 8.10356716e-05, 7.91880556e-05, 7.91424894e-05,
       9.07172003e-05, 8.49050264e-05, 8.05887696e-05, 7.56501401e-05,
       7.11760634e-05, 7.66378699e-05, 6.61268474e-05, 6.72915938e-05,
       7.79927867e-05, 7.68379843e-05, 7.26506499e-05, 7.24167778e-05,
       6.91233459e-05, 6.60500929e-05, 7.80078454e-05, 7.84929112e-05,
       6.58225549e-05, 7.70490610e-05, 7.25406125e-05, 6.99745116e-05,
       6.99938224e-05, 7.03608125e-05, 6.39190186e-05, 6.94340064e-05,
       6.77248023e-05, 6.96714394e-05, 7.07095326e-05, 6.69637615e-05,
       7.72334651e-05, 6.96919544e-05, 7.28304530e-05, 6.96300796e-05,
       7.48266003e-05, 7.23059468e-05, 7.66192666e-05, 8.34502489e-05,
       7.85388615e-05, 8.70671617e-05, 7.30497343e-05, 8.10086277e-05,
       7.55482462e-05, 8.14414764e-05, 7.40307028e-05, 6.91662227e-05,
       7.52280329e-05, 6.86606025e-05, 7.50721510e-05, 6.49417881e-05,
       7.19040613e-05, 6.77741857e-05, 7.11421768e-05, 6.81769861e-05,
       8.17628845e-05, 6.69869364e-05, 6.94408487e-05, 6.72016345e-05,
       6.84397454e-05, 6.22629173e-05, 6.42910740e-05, 6.25043238e-05,
       6.01854823e-05, 6.30107962e-05, 6.29852190e-05, 6.93595501e-05,
       5.78811244e-05, 6.32160516e-05, 6.10594491e-05, 6.35239424e-05,
       7.46659770e-05, 7.07303583e-05, 6.94187597e-05, 6.45126683e-05,
       7.27936205e-05, 6.67751042e-05, 6.37720776e-05, 6.37159645e-05,
       6.46711343e-05, 7.76560355e-05, 7.68064967e-05, 6.43003955e-05,
       5.95132665e-05, 5.86593928e-05, 6.31112962e-05, 6.33503404e-05,
       6.34848507e-05, 6.70558240e-05, 5.95389567e-05, 5.66289502e-05,
       6.09516951e-05, 6.11371764e-05, 6.06086829e-05, 5.58182794e-05,
       5.57030922e-05, 5.24604534e-05, 5.43711233e-05, 5.87597532e-05,
       5.75523348e-05, 5.59411438e-05, 5.58030454e-05, 5.95560993e-05,
       5.44048024e-05, 5.49580253e-05, 5.25978237e-05, 5.23939017e-05,
       5.07180550e-05, 5.05374603e-05, 5.58693563e-05, 5.64582913e-05,
       5.81068215e-05, 5.76909598e-05, 5.41353496e-05, 5.54554106e-05,
       5.68679537e-05, 5.67358915e-05, 6.10958800e-05, 5.94494900e-05,
       5.76551965e-05, 5.69210053e-05, 5.33387084e-05, 4.85013914e-05,
       4.46539221e-05, 4.73246428e-05, 4.57159918e-05, 4.75982624e-05,
       4.57024656e-05, 4.76443205e-05, 4.93437250e-05, 4.96609108e-05,
       4.67663606e-05, 4.60072740e-05, 5.15294619e-05, 5.41166841e-05,
       5.93063405e-05, 4.91106972e-05, 5.13050968e-05, 5.50533280e-05,
       5.43731204e-05, 5.39715644e-05, 5.71581677e-05, 5.39705414e-05,
       5.59978510e-05, 5.58839715e-05, 5.35007301e-05, 5.16189344e-05,
       5.28386345e-05, 5.41012466e-05, 5.76080667e-05, 5.92956432e-05,
       6.20648374e-05, 6.40302375e-05, 6.31251850e-05, 6.48821913e-05,
       6.30922692e-05, 6.12558714e-05, 6.08545195e-05, 5.37712918e-05,
       5.50365574e-05, 5.23541311e-05, 5.11806361e-05, 5.69675093e-05,
       5.76000973e-05, 5.60637912e-05, 5.36310838e-05, 5.20650164e-05,
       5.36306076e-05, 4.98661657e-05, 4.67558068e-05, 4.83259021e-05,
       4.80166774e-05, 4.96041497e-05, 5.30415822e-05, 5.08811560e-05,
       5.49431855e-05, 5.30535436e-05, 5.11176601e-05, 5.06391991e-05,
       5.02743208e-05, 4.80084874e-05, 4.98880735e-05, 5.08540692e-05,
       5.81946123e-05, 5.52845786e-05, 5.44005028e-05, 5.18041645e-05,
       4.96856537e-05, 4.61282420e-05, 4.75575263e-05, 4.92851821e-05,
       4.63523192e-05, 4.49525914e-05, 4.66191142e-05, 5.02270572e-05,
       5.22381480e-05, 4.61183510e-05, 4.68733102e-05, 4.68140839e-05,
       4.79483113e-05, 5.91223129e-05, 6.04238121e-05, 6.28194448e-05,
       6.04259773e-05, 5.86432454e-05, 6.05990631e-05, 6.11348743e-05,
       5.52162952e-05, 5.31840656e-05, 5.78023935e-05, 5.50332445e-05,
       5.29089319e-05, 5.64425651e-05, 5.23766235e-05, 5.90279194e-05,
       6.22643067e-05, 5.32936313e-05, 5.36720615e-05, 5.47011450e-05,
       5.67897542e-05, 5.28701429e-05, 5.57241523e-05, 4.74223290e-05,
       4.51451340e-05, 4.80928114e-05, 4.81874169e-05, 5.40944988e-05,
       5.29928720e-05, 4.83400892e-05, 5.01565170e-05, 5.41388721e-05,
       5.26099663e-05, 4.59663766e-05, 4.58472609e-05, 4.47359983e-05,
       4.79736123e-05, 4.63550290e-05, 4.83106583e-05, 4.70780357e-05,
       5.03216569e-05, 4.34346342e-05, 4.27381228e-05, 4.43639868e-05,
       4.56903962e-05, 4.78426333e-05, 4.72669484e-05, 4.43209580e-05,
       3.81290921e-05, 3.95304174e-05, 4.35198998e-05, 4.10606159e-05,
       4.05828605e-05, 4.40881981e-05, 4.33452175e-05, 4.40558192e-05,
       4.57497672e-05, 4.38650833e-05, 4.44977494e-05, 4.71694571e-05,
       4.71703838e-05, 4.88599917e-05, 4.94960325e-05, 4.92376798e-05,
       4.67299912e-05, 4.78054644e-05, 4.64685037e-05, 5.05112526e-05,
       4.96606207e-05, 4.98126754e-05, 4.96002372e-05, 4.93200721e-05,
       5.25885039e-05, 5.05516671e-05, 5.40540071e-05, 4.58948523e-05,
       4.41441177e-05, 4.41762316e-05, 4.34996418e-05, 3.94482086e-05,
       3.79955049e-05, 4.48659683e-05, 3.69117176e-05, 3.88536933e-05,
       3.60012035e-05, 3.68816431e-05, 3.57739862e-05, 4.10848845e-05,
       3.79989553e-05, 4.14258453e-05, 3.50848233e-05, 3.84280513e-05,
       3.54343528e-05, 3.51712631e-05, 3.95945068e-05, 4.02288762e-05,
       4.25831804e-05, 3.75868501e-05, 3.95219473e-05, 3.92129025e-05,
       4.31429645e-05, 4.56554799e-05, 4.33265090e-05, 4.58000822e-05,
       4.44993459e-05, 4.01218922e-05, 3.99928446e-05, 4.16050738e-05,
       3.57808488e-05, 4.04652679e-05, 4.21360699e-05, 4.26184666e-05,
       3.66500349e-05, 3.67029551e-05, 3.32401754e-05, 2.83750632e-05,
       2.94064385e-05, 3.43807639e-05, 3.09222630e-05, 3.29842153e-05,
       3.47674243e-05, 3.06167277e-05, 3.71663941e-05, 3.37139139e-05,
       3.14981573e-05, 2.97698688e-05, 2.91368591e-05, 2.82170645e-05,
       2.70670375e-05, 2.95940030e-05, 3.08864595e-05, 3.07167306e-05,
       3.18051166e-05, 3.19460702e-05, 3.20745778e-05, 3.65035818e-05,
       3.32925788e-05, 3.27737754e-05, 3.26209074e-05, 3.11862434e-05,
       2.85515208e-05, 3.09826857e-05, 3.54670282e-05, 3.72837166e-05,
       3.11263584e-05, 3.56339393e-05, 3.16191286e-05, 3.52264627e-05,
       3.53689943e-05, 2.94820633e-05, 2.60798539e-05, 2.85059205e-05,
       2.55838630e-05, 2.89955529e-05, 2.76066255e-05, 2.48324061e-05,
       3.02215264e-05, 2.90262711e-05, 3.17743610e-05, 3.39571813e-05,
       2.92979546e-05, 3.15277595e-05, 3.00827246e-05, 2.60792978e-05,
       2.76361733e-05, 2.65640340e-05, 2.33240171e-05, 2.26662120e-05,
       2.65123813e-05, 2.85655630e-05, 2.70921782e-05, 2.89876302e-05,
       2.87398737e-05, 2.54329802e-05, 2.59255985e-05, 2.77348820e-05,
       2.36022472e-05, 2.33683435e-05, 2.79477404e-05, 2.64386735e-05,
       2.85583678e-05, 2.75615519e-05, 2.77328396e-05, 2.84141350e-05,
       2.78973426e-05, 2.50148825e-05, 2.69213893e-05, 2.52618218e-05,
       2.65773825e-05, 2.59684472e-05, 2.53021717e-05, 2.79815969e-05,
       2.65774971e-05, 2.38804197e-05, 2.85063170e-05, 3.15763945e-05,
       2.78528369e-05, 3.40781341e-05, 3.06711744e-05, 2.97006032e-05,
       2.92063820e-05, 3.03547720e-05, 3.29203080e-05, 2.83866506e-05,
       3.15556446e-05, 2.64391173e-05, 2.57584559e-05, 2.51787203e-05,
       2.31976559e-05, 2.31991601e-05, 2.21616737e-05, 2.29272304e-05,
       2.26752379e-05, 2.37252553e-05, 2.16603964e-05, 2.28058728e-05,
       2.63134062e-05, 2.54570704e-05, 2.70736803e-05, 2.93987586e-05,
       2.94782713e-05, 3.32383882e-05, 3.43662843e-05, 3.50644831e-05,
       3.49268071e-05, 3.10836907e-05, 2.73219427e-05, 2.67384182e-05,
       2.59739607e-05, 2.77380786e-05, 2.78740955e-05, 2.63585180e-05,
       2.62182577e-05, 2.52387393e-05, 2.66634224e-05, 2.49155390e-05,
       2.29147325e-05, 1.96337006e-05, 2.17481115e-05, 2.25783863e-05,
       2.39728254e-05, 2.24213825e-05, 2.25795282e-05, 2.36351332e-05,
       2.58828314e-05, 2.84111873e-05, 3.11742862e-05, 3.29536490e-05,
       3.08707655e-05, 2.63685277e-05, 2.81497171e-05, 3.13830838e-05,
       3.19217398e-05, 3.59899977e-05, 3.59985204e-05, 3.18074349e-05,
       3.86355116e-05, 3.16194404e-05, 3.08395838e-05, 2.77365949e-05,
       3.60893217e-05, 2.66496797e-05, 2.57284244e-05, 3.14828809e-05,
       2.99415054e-05, 2.76016625e-05, 3.42020036e-05, 2.87349112e-05,
       3.25606676e-05, 3.02799516e-05, 3.15970284e-05, 2.78558349e-05,
       3.02788567e-05, 2.98182960e-05, 2.76162549e-05, 2.73938483e-05,
       3.12473814e-05, 2.45635412e-05, 2.46424689e-05, 2.23025993e-05,
       2.40644770e-05, 2.06138731e-05, 2.28702513e-05, 1.97118851e-05,
       1.77514825e-05, 2.14202355e-05, 1.78543596e-05, 1.84953785e-05,
       1.74921169e-05, 2.04631107e-05, 2.35572192e-05, 2.28590503e-05,
       1.99781662e-05, 1.99859802e-05, 2.13281759e-05, 2.13012302e-05,
       1.89662166e-05, 1.97680058e-05, 1.90836086e-05, 2.32567067e-05,
       2.08332736e-05, 1.96425711e-05, 2.27790490e-05, 1.90859058e-05,
       1.86583274e-05, 2.02002764e-05, 2.26270319e-05, 1.97871772e-05,
       1.90148552e-05, 2.32312846e-05, 2.10742330e-05, 2.04261742e-05,
       2.50765982e-05, 2.11641534e-05, 2.30663035e-05, 2.57757530e-05,
       2.32740374e-05, 2.40556943e-05, 2.93402737e-05, 2.96975213e-05,
       3.19341965e-05, 2.43520661e-05, 2.12292775e-05, 1.78214302e-05,
       1.96424514e-05, 2.26928732e-05, 2.35272931e-05, 1.95116148e-05,
       2.27324601e-05, 2.38198692e-05, 2.62399733e-05, 2.57300078e-05,
       2.19313309e-05, 2.72228950e-05, 2.40992735e-05, 2.25102645e-05,
       2.19854531e-05, 2.32998071e-05, 2.55867407e-05, 2.82922111e-05,
       2.16613152e-05, 2.38767097e-05, 1.82591357e-05, 2.38244468e-05,
       2.05118602e-05, 2.23349075e-05, 2.19827465e-05, 2.32463321e-05,
       2.88675680e-05, 2.86014756e-05, 2.73753693e-05, 2.65805840e-05,
       2.39334122e-05, 2.18468159e-05, 2.37675379e-05, 2.30513534e-05,
       2.13592419e-05, 1.94641065e-05, 1.89694974e-05, 2.01777155e-05,
       2.04613118e-05, 2.11062340e-05, 2.16527231e-05, 2.37825324e-05,
       2.18668128e-05, 2.11185449e-05, 2.27264597e-05, 2.61246527e-05,
       2.47259297e-05, 2.64624613e-05, 2.56526393e-05, 2.64511581e-05,
       2.28865747e-05, 2.11776852e-05, 2.35835064e-05, 2.74530426e-05,
       2.80527385e-05, 3.16153669e-05, 2.83104285e-05, 2.61484748e-05,
       2.18450957e-05, 2.30808217e-05, 2.29088056e-05, 2.21032964e-05,
       2.05219457e-05, 2.05708893e-05, 2.12839333e-05, 2.09314006e-05,
       2.29412726e-05, 2.26408234e-05, 2.08944453e-05, 2.16102888e-05,
       2.17129068e-05, 2.04493353e-05, 2.06048532e-05, 2.00183151e-05,
       2.23542211e-05, 2.18349413e-05, 2.23897801e-05, 1.89518983e-05,
       2.03041896e-05, 2.09324422e-05, 2.28238830e-05, 2.35738764e-05,
       2.25204852e-05, 2.31014484e-05, 2.25168782e-05, 2.40730472e-05,
       2.59367067e-05, 2.43638541e-05, 2.46536644e-05, 2.40231353e-05,
       2.04296924e-05, 2.10200260e-05, 2.15296033e-05, 2.09902309e-05,
       2.10319194e-05, 2.22969421e-05, 2.43640300e-05, 2.24104888e-05,
       1.98625710e-05, 2.12505718e-05, 2.27024912e-05, 2.73878757e-05,
       2.92617657e-05, 2.52809160e-05, 2.24398335e-05, 2.29039665e-05,
       2.00012323e-05, 1.80071970e-05, 1.89864803e-05, 1.81689352e-05,
       1.76008187e-05, 1.80766845e-05, 1.81853243e-05, 1.67044068e-05,
       1.81325177e-05, 1.98830396e-05, 1.86892833e-05, 1.58910799e-05,
       1.63082724e-05, 1.58213252e-05, 2.01613240e-05, 1.65981368e-05,
       1.40249106e-05, 1.36399426e-05, 1.36923701e-05, 1.16966553e-05,
       1.09578028e-05, 1.15008383e-05, 1.21679863e-05, 1.22934793e-05,
       9.81081141e-06, 1.23815901e-05, 1.32634095e-05, 1.54321190e-05,
       1.72110230e-05, 1.52011591e-05, 1.50963475e-05, 1.40048641e-05,
       1.20031194e-05, 1.19224875e-05, 1.17258599e-05, 1.08915824e-05,
       1.69206613e-05, 1.57785917e-05, 1.61828298e-05, 1.68197642e-05,
       1.38073368e-05, 1.61786067e-05, 1.61030017e-05, 1.67576485e-05,
       1.77557913e-05, 1.85645505e-05, 1.55696446e-05, 1.61597321e-05,
       1.23067447e-05, 1.25587120e-05, 1.53328207e-05, 1.41761014e-05,
       1.15716663e-05, 1.18782530e-05, 9.63967170e-06, 1.00876037e-05,
       1.19476886e-05, 1.26174049e-05, 1.20507263e-05, 1.35063362e-05,
       1.49277579e-05, 1.71058777e-05, 1.49635128e-05, 1.64285174e-05,
       1.73474871e-05, 1.72133798e-05, 1.58283954e-05, 1.65724222e-05,
       1.71744671e-05, 1.57994272e-05, 1.85010794e-05, 1.77154220e-05,
       1.48421519e-05, 1.81424026e-05, 1.98183029e-05, 1.79518014e-05,
       1.90230721e-05, 1.93684513e-05, 1.72739889e-05, 2.10290105e-05,
       2.05227965e-05, 2.01004208e-05, 1.87343670e-05, 1.79738388e-05,
       2.10648551e-05, 1.61450584e-05, 1.73235779e-05, 1.54321447e-05,
       1.64183183e-05, 1.45056579e-05, 1.51954591e-05, 1.65019124e-05,
       1.66297743e-05, 1.78966395e-05, 1.77283362e-05, 1.50200200e-05,
       1.50045727e-05, 1.58005978e-05, 1.46367803e-05, 1.43784997e-05,
       1.66373488e-05, 1.72989523e-05, 1.46309394e-05, 1.73706719e-05,
       1.96207800e-05, 1.64703566e-05, 2.03393237e-05, 2.29395346e-05,
       1.61700969e-05, 1.66314290e-05, 2.00478739e-05, 1.41015586e-05,
       1.66779599e-05, 1.57142700e-05, 1.48261437e-05, 1.08010068e-05,
       1.41835720e-05, 1.29534594e-05, 1.48858786e-05, 1.29476436e-05,
       1.20577776e-05, 1.43387957e-05, 1.49045164e-05, 1.50286813e-05,
       1.41014701e-05, 1.76296803e-05, 1.48406103e-05, 1.18275233e-05,
       1.26893724e-05, 1.35740388e-05, 1.36609201e-05, 1.46075096e-05,
       1.53502618e-05, 2.00889747e-05, 1.99563959e-05, 1.80051935e-05,
       1.84906336e-05, 1.47435353e-05, 1.63742868e-05, 1.79597359e-05,
       1.91529618e-05, 1.76889297e-05, 1.58670303e-05, 1.40419670e-05,
       1.36912103e-05, 1.29956700e-05, 1.90042230e-05, 2.13702650e-05,
       1.77060205e-05, 1.41549983e-05, 1.26122351e-05, 1.28767229e-05,
       1.70267747e-05, 1.69166413e-05, 1.67711119e-05, 1.95858210e-05,
       1.72386330e-05, 2.01022370e-05, 2.07266825e-05, 1.84123269e-05,
       1.73268558e-05, 1.97060582e-05, 1.95630363e-05, 1.72195598e-05,
       1.70112854e-05, 2.01588461e-05, 1.96259587e-05, 2.13416111e-05,
       1.87445131e-05, 1.98182473e-05, 1.91718249e-05, 1.82076016e-05,
       1.69847592e-05, 1.95746555e-05, 1.78793382e-05, 1.68869126e-05,
       1.52421385e-05, 1.57020952e-05, 1.46571311e-05, 1.86914936e-05,
       1.24148714e-05, 1.27616442e-05, 1.31283655e-05, 1.45093720e-05,
       1.63936815e-05, 1.62063263e-05, 1.39507182e-05, 1.58394019e-05,
       1.71308041e-05, 1.77535724e-05, 1.54438734e-05, 1.23369012e-05,
       1.33768584e-05, 1.05721780e-05, 1.13765099e-05, 1.18700537e-05,
       1.25844056e-05, 1.39998501e-05, 1.38241051e-05, 1.27475907e-05,
       1.24026558e-05, 1.23591482e-05, 1.43595263e-05, 1.22582173e-05,
       1.25315947e-05, 1.08713026e-05, 9.85734013e-06, 1.00679676e-05,
       9.83252020e-06, 7.30990878e-06, 8.50118096e-06, 7.82403641e-06,
       1.00499736e-05, 1.16812243e-05, 1.33611917e-05, 1.28905523e-05,
       1.32608896e-05, 1.16949111e-05, 1.09150302e-05, 1.23785726e-05,
       1.38417891e-05, 1.47163823e-05, 1.22904317e-05, 1.16185041e-05,
       1.40022262e-05, 1.34266969e-05, 1.16955707e-05, 1.34695621e-05,
       1.43720812e-05, 1.38056152e-05, 1.34094886e-05, 1.22471160e-05,
       1.11622170e-05, 1.45597954e-05, 1.48170600e-05, 1.35570730e-05,
       1.31347656e-05, 1.49702173e-05, 1.47926180e-05, 1.70666875e-05,
       1.58405118e-05, 1.39147303e-05, 1.31694580e-05, 1.07589850e-05,
       1.06222496e-05, 1.01934805e-05, 1.13969132e-05, 1.19056228e-05,
       1.32493559e-05, 1.17540153e-05, 1.17828805e-05, 1.03951604e-05,
       8.90909752e-06, 9.28207207e-06, 1.11700839e-05, 9.17442626e-06,
       9.48809931e-06, 8.51075817e-06, 7.64625395e-06, 7.60070306e-06,
       7.85568977e-06, 6.99562442e-06, 7.08517611e-06, 8.91929964e-06,
       8.66478436e-06, 7.55293554e-06, 8.93127774e-06, 7.64231859e-06,
       7.74596327e-06, 9.46554137e-06, 1.08102121e-05, 8.63840111e-06,
       7.92476117e-06, 9.21372386e-06, 8.41003547e-06, 8.13826354e-06,
       9.02765561e-06, 6.33473614e-06, 7.92985313e-06, 8.21094640e-06,
       7.85951224e-06, 7.73831242e-06, 8.25652606e-06, 1.13735963e-05,
       1.19258907e-05, 1.07946793e-05, 9.14507542e-06, 9.49856760e-06,
       8.93708611e-06, 7.40839242e-06, 7.77940481e-06, 8.65050542e-06,
       7.92410092e-06, 8.59642385e-06, 1.07348653e-05, 8.52334045e-06,
       6.55725645e-06, 6.29734867e-06, 7.46214392e-06, 9.28646285e-06,
       8.80950198e-06, 9.48016584e-06, 7.52092101e-06, 9.09765733e-06,
       8.99168599e-06, 1.12165978e-05, 9.46887870e-06, 9.40497808e-06,
       9.01808369e-06, 1.02727611e-05, 1.02049381e-05, 9.65166797e-06,
       8.55203625e-06, 8.15595706e-06, 1.00194774e-05, 1.11307046e-05,
       9.78371045e-06, 1.14101152e-05, 1.16184727e-05, 1.06599087e-05,
       1.00541212e-05, 1.04373869e-05, 1.34908289e-05, 1.30669192e-05,
       1.39570033e-05, 1.50480702e-05, 1.54740238e-05, 1.56458238e-05,
       1.70425417e-05, 1.57131776e-05, 1.40556966e-05, 1.63589233e-05,
       1.70789403e-05, 1.52512000e-05, 1.58155826e-05, 1.34417699e-05,
       1.49768145e-05, 1.68518938e-05, 1.17222411e-05, 1.15128247e-05,
       1.15127390e-05, 1.27259410e-05, 1.35995583e-05, 1.23975205e-05,
       1.33453196e-05, 1.28550835e-05, 1.13377367e-05, 1.06825854e-05,
       1.24647985e-05, 1.23696075e-05, 1.00993459e-05, 1.07703095e-05,
       1.07709696e-05, 9.16231380e-06, 8.89151039e-06, 7.04470000e-06,
       6.75365732e-06, 7.77815834e-06, 8.21366449e-06, 1.09052792e-05,
       1.18427635e-05, 1.00247043e-05, 1.08734059e-05, 1.08635885e-05,
       1.03462164e-05, 1.13357749e-05, 7.17451546e-06, 7.04335337e-06,
       6.12446318e-06, 7.45037373e-06, 7.17183593e-06, 5.70793064e-06,
       5.59679976e-06, 6.43491585e-06, 4.15649376e-06, 5.63627112e-06,
       6.79810577e-06, 5.21972970e-06, 6.04511463e-06, 6.59663399e-06,
       5.92784161e-06, 6.23360242e-06, 5.47630050e-06, 4.73969417e-06,
       4.82812453e-06, 5.64790141e-06, 6.04693664e-06, 6.61426981e-06,
       6.86824622e-06, 5.24415710e-06, 7.30448502e-06, 7.47034437e-06,
       7.38193530e-06, 7.00828080e-06, 5.50008550e-06, 4.92568648e-06,
       5.81696321e-06, 5.37879409e-06, 6.57107960e-06, 5.20892588e-06,
       4.49448731e-06, 3.98659457e-06, 5.04950776e-06, 5.72744986e-06,
       5.38500429e-06, 4.98955240e-06, 5.25209812e-06, 6.33146236e-06,
       6.57528672e-06, 6.42470374e-06, 6.52694846e-06, 7.10753511e-06,
       7.36629615e-06, 6.93539489e-06, 6.20413443e-06, 6.01175854e-06,
       4.87400193e-06, 4.84604627e-06, 4.45647537e-06, 5.36781808e-06,
       5.91860847e-06, 3.98530963e-06, 3.78957183e-06, 3.33086912e-06,
       3.80995430e-06, 3.10493379e-06, 3.14812285e-06, 4.99340585e-06,
       4.55952458e-06, 4.25519413e-06, 4.85557003e-06, 7.14319887e-06,
       5.66104265e-06, 5.92598084e-06, 8.39265655e-06, 8.77844380e-06,
       7.42634348e-06, 9.32501493e-06, 9.42764082e-06, 1.12444212e-05,
       1.54501310e-05, 1.13098205e-05, 1.00130036e-05, 8.18760397e-06,
       8.57665174e-06, 9.25230118e-06, 6.59657376e-06, 7.07437416e-06,
       7.99974570e-06, 6.79471480e-06, 4.36503692e-06, 6.09071686e-06,
       5.48412391e-06, 6.20220329e-06, 4.86157914e-06, 6.31099603e-06,
       6.04957991e-06, 7.72225436e-06, 5.43366522e-06, 6.03732765e-06,
       9.66962260e-06, 9.11549687e-06, 5.03618375e-06, 6.10509944e-06,
       6.38085253e-06, 5.75048207e-06, 6.53777328e-06, 5.28942764e-06,
       4.26344356e-06, 4.03327069e-06, 4.93549924e-06, 5.19398787e-06,
       5.22644120e-06, 5.48850816e-06, 5.46662607e-06, 4.16883743e-06,
       4.75346549e-06, 6.38135541e-06, 7.30970072e-06, 6.46686512e-06,
       5.07424388e-06, 5.97263156e-06, 5.84136001e-06, 8.50068954e-06,
       6.18552329e-06, 6.27418451e-06, 6.38146133e-06, 6.50024530e-06,
       7.46816042e-06, 6.99662443e-06, 7.78928666e-06, 6.03591915e-06,
       5.36016596e-06, 6.97921055e-06, 5.22057295e-06, 5.20557471e-06,
       4.98538502e-06, 4.66201502e-06, 5.03290942e-06, 4.03094128e-06,
       4.91060587e-06, 4.16460107e-06, 4.49816097e-06, 6.04263351e-06,
       4.72782866e-06, 4.89914327e-06, 2.47780956e-06, 3.56898221e-06,
       2.96491259e-06, 3.49356548e-06, 3.30025301e-06, 3.29422114e-06,
       3.49217818e-06, 2.60770420e-06, 2.66482073e-06, 3.27130266e-06,
       2.81470575e-06, 3.18560979e-06, 4.13335246e-06, 3.13185918e-06,
       3.94644343e-06, 4.66562226e-06, 4.15972629e-06, 3.83452855e-06,
       4.96764749e-06, 3.69860367e-06, 6.03400239e-06, 6.19934170e-06,
       5.38759590e-06, 4.72075798e-06, 4.24104934e-06, 3.58336436e-06,
       2.87847678e-06, 4.25082828e-06, 2.57872146e-06, 3.31703799e-06,
       2.50389888e-06, 2.54300724e-06, 3.11416703e-06, 2.15788304e-06,
       2.20018050e-06, 5.00546868e-06, 6.58869932e-06, 6.26525873e-06,
       6.13959324e-06, 6.57823937e-06, 4.82923121e-06, 3.37359058e-06,
       3.99964135e-06, 4.27300583e-06, 3.78586759e-06, 3.27173703e-06,
       3.00772910e-06, 3.93512116e-06, 5.05334562e-06, 5.94740932e-06,
       4.63732683e-06, 4.20077016e-06, 7.23882804e-06, 6.60940334e-06,
       5.43831650e-06, 6.52443516e-06, 4.30962442e-06, 3.57582680e-06,
       3.72369374e-06, 3.66349616e-06, 4.66504948e-06, 5.02673039e-06,
       6.80929045e-06, 6.43432538e-06, 6.17442591e-06, 4.57315047e-06,
       6.91368684e-06, 7.11881164e-06, 6.95715351e-06, 7.67127305e-06,
       6.09035627e-06, 4.62046180e-06, 4.27541592e-06, 3.72257195e-06,
       4.51764348e-06, 3.18446042e-06, 4.58600547e-06, 4.01556655e-06,
       4.34121621e-06, 3.79200013e-06, 4.10269310e-06, 3.58761724e-06,
       3.94308531e-06, 3.98734521e-06, 4.89395796e-06, 4.51708197e-06,
       5.68030015e-06, 5.99495916e-06, 6.69037937e-06, 6.95679987e-06,
       6.90205385e-06, 7.06401953e-06, 6.26204018e-06, 2.72963585e-06,
       2.85082346e-06, 2.45933927e-06, 2.54645700e-06, 3.27929868e-06,
       3.40617054e-06, 3.97022126e-06, 3.19327533e-06, 2.69585395e-06,
       4.64788430e-06, 3.61024173e-06, 3.40802134e-06, 5.74583100e-06,
       5.35177168e-06, 5.31734546e-06, 5.30569993e-06, 6.49336045e-06,
       6.33875566e-06, 7.77053355e-06, 9.80499993e-06, 6.02934171e-06,
       5.41008140e-06, 5.38377995e-06, 4.51666446e-06, 4.96010279e-06,
       5.63873230e-06, 5.63776799e-06, 5.02822483e-06, 5.94105589e-06,
       6.10452153e-06, 7.37585204e-06, 4.95685654e-06, 5.10218365e-06,
       3.81829834e-06, 5.15066262e-06, 4.58913465e-06, 4.13798970e-06,
       5.14535383e-06, 6.72716692e-06, 7.20496581e-06, 5.41516469e-06,
       5.25881387e-06, 7.41674550e-06, 4.84664583e-06, 4.42995488e-06,
       4.58354016e-06, 7.16276198e-06, 7.25326912e-06, 6.95548894e-06,
       6.67198594e-06, 7.57949210e-06, 7.23277409e-06, 6.68859008e-06,
       4.93698961e-06, 5.24366425e-06, 3.86493067e-06, 5.42348270e-06,
       6.02224611e-06, 4.64931219e-06, 5.32241214e-06, 6.10394845e-06,
       5.94046747e-06, 4.96640895e-06, 5.55700986e-06, 5.31886831e-06,
       4.97971402e-06, 6.12358887e-06, 7.70119568e-06, 7.31113484e-06,
       7.37626108e-06, 6.38688800e-06, 5.45990646e-06, 5.91668718e-06,
       5.31080553e-06, 4.85881739e-06, 5.08471429e-06, 5.83279135e-06,
       6.82473049e-06, 8.39868568e-06, 6.01636670e-06, 5.48178775e-06,
       5.55607967e-06, 7.27134355e-06, 5.31571253e-06, 3.63855433e-06,
       3.16926888e-06, 2.69526206e-06, 4.14759031e-06, 4.36605722e-06,
       5.34808508e-06, 4.55358591e-06, 4.76886196e-06, 4.54023190e-06,
       3.70032986e-06, 4.53651489e-06, 4.27790759e-06, 5.58562137e-06,
       5.84028557e-06, 5.35779221e-06, 7.87747192e-06, 4.76361041e-06,
       4.47893606e-06, 4.45502831e-06, 3.59442715e-06, 4.13474957e-06,
       4.31112402e-06, 3.25015188e-06, 3.65038837e-06, 3.49289620e-06,
       3.38330956e-06, 3.96195169e-06, 4.28457601e-06, 3.99421800e-06,
       3.91379127e-06, 4.23734823e-06, 5.56796571e-06, 5.35387565e-06,
       5.46979288e-06, 3.66582736e-06, 4.95298120e-06, 4.06046927e-06,
       4.08005671e-06, 4.47793813e-06, 4.37503402e-06, 4.16902148e-06,
       3.79029208e-06, 3.47274221e-06, 3.48059220e-06, 2.45905195e-06,
       2.86447488e-06, 2.50558395e-06, 2.15677106e-06, 3.08394112e-06,
       3.44708593e-06, 4.26221528e-06, 4.47073998e-06, 3.50423688e-06,
       4.95453449e-06, 5.71600601e-06, 6.02602105e-06, 5.29767094e-06,
       5.02650717e-06, 5.19273636e-06, 5.64398101e-06, 5.62563529e-06,
       4.70278166e-06, 3.93452690e-06, 2.61899428e-06, 3.88428627e-06,
       3.25568567e-06, 4.46482023e-06, 4.93461012e-06, 5.32698209e-06,
       7.16149702e-06, 5.60067771e-06, 3.97330325e-06, 3.33433662e-06,
       3.45945297e-06, 3.74355077e-06, 3.86558340e-06, 4.25899016e-06,
       3.74161969e-06, 3.60349949e-06, 4.50733630e-06, 4.67844742e-06,
       3.19665956e-06, 3.35757492e-06, 3.18401410e-06, 3.23297090e-06,
       4.96476793e-06, 4.98774210e-06, 5.51435325e-06, 4.94408590e-06,
       5.27542759e-06, 5.23385104e-06, 6.31238426e-06, 6.02445636e-06,
       4.11527289e-06, 4.67493818e-06, 5.60321987e-06, 6.00859525e-06,
       3.27098617e-06, 3.08613830e-06, 3.52440216e-06, 5.28845381e-06,
       4.70035106e-06, 4.42165407e-06, 5.26801487e-06, 5.68869989e-06,
       6.60606125e-06, 7.72684003e-06, 5.38863293e-06, 4.16337380e-06,
       4.32035381e-06, 3.26400098e-06, 5.64039700e-06, 5.58072553e-06,
       4.66978338e-06, 4.59973737e-06, 4.77681921e-06, 4.38269972e-06,
       4.96824908e-06, 4.92423587e-06, 4.59477690e-06, 4.95268371e-06,
       3.08901355e-06, 3.24764300e-06, 4.87715989e-06, 5.82791502e-06,
       4.78701068e-06, 4.97445129e-06, 3.52358012e-06, 2.68638416e-06,
       2.92058654e-06, 2.31484514e-06, 2.44368247e-06, 1.97660258e-06,
       2.23753201e-06, 2.49496485e-06, 3.50697050e-06, 2.86415370e-06,
       1.88873425e-06, 2.60977302e-06, 3.12866226e-06, 2.77100890e-06,
       3.92643114e-06, 3.22637747e-06, 3.55397387e-06, 2.43121475e-06,
       2.93915707e-06, 3.01567974e-06, 2.92001754e-06, 3.51013977e-06,
       2.07192121e-06, 1.76829009e-06, 2.06487651e-06, 2.07538441e-06,
       2.01870848e-06, 1.44925352e-06, 1.95186164e-06, 1.69752285e-06,
       1.93561160e-06, 1.51790638e-06, 1.14666267e-06, 8.33290965e-07,
       1.01151246e-06, 7.58892453e-07, 7.90202422e-07, 1.09488998e-06,
       1.38271729e-06, 1.79807154e-06, 1.41779497e-06, 1.45267601e-06,
       1.80325945e-06, 1.51015842e-06, 1.73479019e-06, 1.73837152e-06,
       1.21369045e-06, 1.13557887e-06, 2.00825537e-06, 2.09580513e-06,
       2.03036971e-06, 1.18222336e-06, 1.30364503e-06, 2.28445555e-06,
       2.56199660e-06, 5.00498591e-06, 5.06805969e-06, 4.30239028e-06,
       3.35781944e-06, 3.15459445e-06, 4.51476764e-06, 3.05842294e-06,
       2.90196379e-06, 2.51652666e-06, 1.53790498e-06, 1.24036374e-06,
       1.48797105e-06, 1.58317634e-06, 1.58156971e-06, 1.85088326e-06,
       3.07779674e-06, 2.75186204e-06, 2.66550736e-06, 2.68449108e-06,
       2.37783309e-06, 2.15097696e-06, 3.25590076e-06, 4.41452797e-06,
       3.14635322e-06, 3.56405024e-06, 2.78010418e-06, 2.62874644e-06,
       1.68808832e-06, 1.57641626e-06, 1.28796818e-06, 1.68886409e-06,
       1.28905260e-06, 1.71381030e-06, 2.14690754e-06, 2.18617996e-06,
       1.58344545e-06, 1.56704857e-06, 1.74349905e-06, 1.31613657e-06,
       2.22130840e-06, 1.11899668e-06, 8.13209751e-07, 1.20176037e-06,
       8.97307649e-07, 8.92489623e-07, 4.81261150e-07, 7.10008042e-07,
       7.86476017e-07, 9.01942650e-07, 1.66304613e-06, 1.15509545e-06,
       1.17071434e-06, 1.20191562e-06, 1.32652959e-06, 1.09146815e-06,
       1.08372744e-06, 1.64364896e-06, 1.81941357e-06, 2.48588163e-06,
       2.33605743e-06, 1.96378492e-06, 1.43508609e-06, 1.50546005e-06,
       1.72966898e-06, 1.35350889e-06, 1.16194823e-06, 1.25162778e-06,
       2.33007294e-06, 4.34623879e-06, 5.17298293e-06, 5.53417565e-06,
       4.80401826e-06, 3.43449184e-06, 2.55411664e-06, 1.96762318e-06,
       1.54730045e-06, 1.79451881e-06, 1.92173342e-06, 1.83456402e-06,
       1.40460745e-06, 1.40530056e-06, 2.25265993e-06, 1.78706356e-06,
       2.22034857e-06, 2.27938478e-06, 1.40764743e-06, 2.15801577e-06,
       2.12873111e-06, 2.12738542e-06, 2.82554468e-06, 3.49608556e-06,
       3.11599096e-06, 2.24302031e-06, 2.10040244e-06, 1.91697288e-06,
       2.38102496e-06, 2.93796502e-06, 2.56487657e-06, 2.62572704e-06,
       1.51249125e-06, 1.16763180e-06, 1.10034846e-06, 9.28632694e-07,
       8.47237717e-07, 1.17319661e-06, 1.16944637e-06, 1.26001759e-06,
       1.90106806e-06, 2.11170754e-06, 2.02429119e-06, 1.67675784e-06,
       1.50469500e-06, 1.38611998e-06, 1.11453223e-06, 1.40789002e-06,
       1.57929846e-06, 1.62322276e-06, 1.80522373e-06, 1.57543610e-06,
       1.79165370e-06, 1.64583315e-06, 2.10810170e-06, 1.73989897e-06,
       1.58683316e-06, 1.29626727e-06, 1.46755911e-06, 2.26137137e-06,
       2.56914718e-06, 2.55166776e-06, 2.38796538e-06, 2.34671924e-06,
       1.94340624e-06, 1.71192500e-06, 2.49813211e-06, 2.39244227e-06,
       1.80463964e-06, 2.52173248e-06, 3.69490968e-06, 2.55174289e-06,
       2.71953419e-06, 2.64113363e-06, 2.67800150e-06, 3.52388629e-06,
       2.95151180e-06, 3.12817189e-06, 3.25468959e-06, 3.02632212e-06,
       3.06709348e-06, 2.39400027e-06, 1.85605929e-06, 1.63660589e-06,
       1.88405297e-06, 9.82073506e-07, 1.43156125e-06, 1.52482545e-06,
       1.40161646e-06, 1.99011028e-06, 2.00231382e-06, 2.02495407e-06,
       1.19166502e-06, 1.64043952e-06, 1.83517331e-06, 1.12188424e-06,
       1.05537966e-06, 1.23600928e-06, 1.80434560e-06, 2.37579554e-06,
       1.64420170e-06, 1.22992846e-06, 1.19452938e-06, 1.04976634e-06,
       1.31863136e-06, 9.79280142e-07, 1.21589374e-06, 1.80849773e-06,
       1.75437221e-06, 1.56172446e-06, 2.28591233e-06, 2.04166886e-06,
       2.00436182e-06, 1.47843778e-06, 1.34629129e-06, 1.30898340e-06,
       1.24837768e-06, 9.97195823e-07, 1.34521458e-06, 1.47191827e-06,
       8.55491391e-07, 1.40609128e-06, 1.34108282e-06, 1.15014068e-06,
       1.17811217e-06, 7.48051091e-07, 6.35307826e-07, 5.81904711e-07,
       9.40688875e-07, 8.22354304e-07, 7.42702164e-07, 4.67929100e-07,
       4.52192208e-07, 3.81374475e-07, 7.49067618e-07, 4.92669224e-07,
       1.32251936e-06, 9.23251448e-07, 5.35867534e-07, 2.73503840e-07,
       5.00666237e-07, 4.09188787e-07, 1.99202371e-07, 6.49825363e-07,
       4.45599910e-07, 7.27381062e-07, 5.29825446e-07, 4.81984370e-07,
       8.90296149e-07, 8.75146151e-07, 1.49458591e-06, 9.41110078e-07,
       8.77286650e-07, 8.79904752e-07, 2.89150052e-07, 5.35378132e-07,
       8.83286533e-07, 1.12530593e-06, 9.60822043e-07, 7.50168154e-07,
       6.17711279e-07, 3.82837879e-07, 3.68836938e-07, 5.18326013e-07,
       8.11317788e-07, 6.70180576e-07, 3.95805512e-07, 2.77865986e-07,
       7.11429984e-07, 5.62810878e-07, 3.09653102e-07, 6.21245472e-07,
       5.75445121e-07, 5.36725559e-07, 3.42332808e-07, 2.99104259e-07,
       4.45085993e-07, 4.45504936e-07, 9.42415226e-07, 4.48973526e-07,
       1.06862701e-06, 4.70486537e-07, 9.56414354e-07, 5.92571867e-07,
       4.89326741e-07, 1.03780017e-06, 6.37372806e-07, 7.94463769e-07,
       9.26434552e-07, 8.68210971e-07, 1.44532737e-06, 4.80867644e-07,
       3.56646342e-07, 5.39752789e-07, 7.36044194e-07, 9.43103214e-07,
       5.63906468e-07, 6.73568770e-07, 9.46701883e-07, 5.91145919e-07,
       5.07757419e-07, 8.35312115e-07, 4.68790616e-07, 6.77796996e-07,
       8.90147582e-07, 9.24667724e-07, 7.37207938e-07, 7.36451767e-07,
       6.90975382e-07, 4.90559548e-07, 3.78124625e-07, 7.31919519e-07,
       6.69903865e-07, 2.78787832e-07, 5.16590852e-07, 5.79633685e-07,
       3.70831183e-07, 4.70753245e-07, 3.98548421e-07, 3.18483493e-07,
       3.86844470e-07, 2.68078351e-07, 5.48015672e-08, 2.27025446e-07,
       2.18751698e-07, 2.75004194e-07, 2.12484545e-07, 3.53606108e-07,
       5.06205777e-07, 9.68683286e-07, 7.45657057e-07, 7.63071766e-07,
       5.02293399e-07, 6.19896607e-07, 8.79124569e-07, 9.31070499e-07,
       9.26415611e-07, 3.47074765e-07, 3.78720633e-07, 2.02675318e-07,
       1.98075186e-07, 1.57806217e-07, 3.38971207e-07, 3.16525365e-07,
       6.14532497e-07, 8.99670763e-07, 4.80513251e-07, 2.48030286e-07,
       4.41305542e-07, 8.53058245e-07, 2.75108453e-07, 4.52144526e-07,
       5.34464330e-07, 5.18811659e-07, 8.18112543e-07, 4.25312726e-07,
       4.18148821e-07, 3.56270792e-07, 3.83441660e-07, 7.03116145e-07,
       1.07730593e-06, 7.29163763e-07, 7.87635420e-07, 9.52927579e-07,
       1.72325815e-06, 1.08939287e-06, 4.77641106e-07, 3.46749048e-07,
       1.19482251e-06, 9.10367758e-07, 1.00195844e-06, 9.70322907e-07,
       1.12671471e-06, 1.19883407e-06, 1.40011226e-06, 1.06342019e-06,
       7.19863278e-07, 9.19857914e-07, 1.36868108e-06, 1.18076127e-06,
       1.00760950e-06, 1.21822550e-06, 8.22057186e-07, 1.08522348e-06,
       1.08386605e-06, 1.14538716e-06, 1.81220779e-06, 1.63302887e-06,
       1.14052239e-06, 8.25491520e-07, 9.75677850e-07, 8.65982507e-07,
       8.02412364e-07, 1.34290302e-06, 1.17366602e-06, 1.53934716e-06,
       1.76588375e-06, 1.08398811e-06, 1.14075404e-06, 1.01116094e-06,
       8.95131743e-07, 1.41531046e-06, 1.68582372e-06, 1.44514528e-06,
       1.72323269e-06, 2.09748697e-06, 1.84811828e-06, 1.58947687e-06,
       1.52886708e-06, 1.22777190e-06, 1.66521844e-06, 1.58381046e-06,
       1.27012769e-06, 7.14771875e-07, 7.63973816e-07, 9.87497508e-07,
       1.36229064e-06, 1.25775393e-06, 1.55158629e-06, 1.54635611e-06,
       1.64491605e-06, 1.92583031e-06, 2.71617065e-06, 1.47428789e-06,
       7.78456052e-07, 8.93244564e-07, 1.05747767e-06, 1.13608232e-06,
       1.40086141e-06, 9.70704643e-07, 1.16450696e-06, 1.33246417e-06,
       9.71833773e-07, 1.11383425e-06, 9.82510099e-07, 1.20923819e-06,
       1.14238587e-06, 1.03341389e-06, 8.01075216e-07, 4.25676883e-07,
       4.88949712e-07, 3.58333012e-07, 6.66476011e-07, 1.01727220e-06,
       6.01674484e-07, 6.88430602e-07, 1.61256548e-06, 1.72931311e-06,
       6.09457357e-07, 6.26083796e-07, 1.04389035e-06, 5.24165052e-07,
       9.81593660e-07, 7.53998368e-07, 8.24184343e-07, 9.49377393e-07,
       8.66176135e-07, 4.65523278e-07, 1.02339616e-06, 1.46932121e-06,
       2.00015729e-06, 1.89706455e-06, 1.81778656e-06, 9.33783986e-07,
       1.51778395e-06, 1.41917259e-06, 1.38203290e-06, 1.71571306e-06,
       1.10301575e-06, 1.47032375e-06, 1.35612762e-06, 1.09418068e-06,
       1.11491608e-06, 1.15430872e-06, 1.46695951e-06, 8.75674279e-07,
       7.89217949e-07, 8.90487306e-07, 9.49601084e-07, 8.31297797e-07,
       1.06665718e-06, 9.41529226e-07, 7.31184401e-07, 1.23338688e-06,
       1.08169459e-06, 1.43021606e-06, 2.03942417e-06, 2.27994116e-06,
       2.47614372e-06, 1.36578933e-06, 7.56818312e-07, 1.07842065e-06,
       1.66331990e-06, 1.17839591e-06, 1.72046903e-06, 2.05642287e-06,
       2.11579451e-06, 2.49935709e-06, 2.54125846e-06, 1.79732693e-06,
       2.30836439e-06, 2.19922524e-06, 2.28174085e-06, 1.61459110e-06,
       1.36058073e-06, 1.93192533e-06, 1.92331445e-06, 1.63407419e-06,
       1.13769739e-06, 1.29585483e-06, 1.55237510e-06, 2.01897623e-06,
       2.69747191e-06, 2.31207908e-06, 2.85636405e-06, 2.95323762e-06,
       2.63363553e-06, 3.22439415e-06, 2.08830996e-06, 2.31632499e-06,
       2.20928961e-06, 1.95222940e-06, 1.20884899e-06, 1.60156495e-06,
       1.82624316e-06, 1.99065689e-06, 1.79188295e-06, 1.56453040e-06,
       1.26438225e-06, 1.85351381e-06, 1.18912755e-06, 1.48334960e-06,
       1.63945648e-06, 1.60473134e-06, 1.02842160e-06, 1.06488138e-06,
       1.05178559e-06, 1.03514208e-06, 1.55826806e-06, 1.77659562e-06,
       1.21250071e-06, 1.10491919e-06, 2.08743150e-06, 2.24271737e-06,
       1.83372274e-06, 1.05105676e-06, 1.48077214e-06, 1.37215046e-06,
       1.52607108e-06, 1.05241972e-06, 7.19944455e-07, 1.16955035e-06,
       9.38399469e-07, 8.47541262e-07, 1.27950790e-06, 1.89385373e-06,
       2.25072820e-06, 1.45768010e-06, 1.93129744e-06, 2.02122711e-06,
       2.30251750e-06, 2.83990915e-06, 3.82650681e-06, 2.77810548e-06,
       2.78803899e-06, 3.72337201e-06, 2.73183784e-06, 2.62375297e-06,
       3.13955287e-06, 3.33946586e-06, 3.61647412e-06, 3.58998759e-06,
       4.13114736e-06, 4.91299071e-06, 3.74214873e-06, 3.17402895e-06,
       2.42677195e-06, 1.86968442e-06, 3.22076479e-06, 2.08688825e-06,
       2.35185270e-06, 2.11184905e-06, 1.41871138e-06, 2.14980591e-06,
       1.50060604e-06, 1.21638929e-06, 1.30464875e-06, 1.49149975e-06,
       2.08510795e-06, 1.41089415e-06, 1.79064524e-06, 1.65194691e-06,
       2.55692366e-06, 2.26406816e-06, 1.85676978e-06, 1.83077286e-06,
       1.93839806e-06, 2.12022119e-06, 2.11677786e-06, 2.28700030e-06,
       1.68308075e-06, 1.39751291e-06, 1.60948241e-06, 1.33704252e-06,
       1.93783423e-06, 2.02551111e-06, 2.13551830e-06, 1.87527542e-06,
       1.73312928e-06, 2.06312190e-06, 2.60786734e-06, 3.15866513e-06,
       2.51240295e-06, 1.73740723e-06, 1.47084982e-06, 1.38792194e-06,
       1.39931479e-06, 1.77160712e-06, 2.79684145e-06, 2.02682594e-06,
       1.70320804e-06, 2.04191066e-06, 1.63786407e-06, 1.84706781e-06,
       2.14574761e-06, 1.03963408e-06, 1.09217581e-06, 4.48842646e-07,
       8.05103841e-07, 9.72647311e-07, 1.31785472e-06, 1.93864982e-06,
       1.81839206e-06, 8.61642346e-07, 2.12553492e-06, 2.06140652e-06,
       1.72639618e-06, 1.98399729e-06, 1.82177903e-06, 1.72980555e-06,
       1.70697797e-06, 1.23773172e-06, 7.14107782e-07, 1.10713979e-06,
       9.36410680e-07, 1.04370680e-06, 4.20649224e-07, 3.54499916e-07,
       8.59758488e-07, 6.27654728e-07, 5.29904156e-07, 9.38139778e-07,
       8.29682699e-07, 7.82129930e-07, 6.62670811e-07, 7.51005718e-07,
       2.46714640e-07, 6.78509180e-07, 3.51514167e-07, 4.25037850e-07,
       6.13003110e-07, 5.14270820e-07, 6.41938142e-07, 5.59200236e-07,
       3.86384120e-07, 7.90075716e-07, 1.12272571e-06, 1.14910233e-06,
       5.55506346e-07, 8.44194223e-07, 5.72780111e-07, 7.56114518e-07,
       1.13348839e-06, 1.15397199e-06, 1.72479986e-06, 1.55452303e-06,
       1.96454767e-06, 1.20368719e-06, 1.28436258e-06, 1.78542105e-06,
       1.93204354e-06, 1.98256073e-06, 2.00626784e-06, 1.49304850e-06,
       1.48197767e-06, 2.02462157e-06, 2.50965309e-06, 1.80009710e-06,
       1.50079285e-06, 1.71544817e-06, 1.31684620e-06, 1.95829353e-06,
       1.63674363e-06, 1.82962062e-06, 2.11403250e-06, 2.10307577e-06,
       1.75120130e-06, 2.30780419e-06, 1.82539980e-06, 1.86578395e-06,
       1.39709137e-06, 1.72495170e-06, 1.79264759e-06, 1.87000769e-06,
       1.68536528e-06, 1.07788670e-06, 1.00777403e-06, 1.63490746e-06,
       2.17679381e-06, 2.05950237e-06, 1.81925544e-06, 1.84248853e-06,
       1.91273145e-06, 1.81587010e-06, 1.65070380e-06, 1.14507976e-06,
       1.08743538e-06, 6.58713145e-07, 1.40030580e-06, 1.40258370e-06,
       2.73969879e-06, 2.10022100e-06, 1.60653755e-06, 2.19373493e-06,
       2.16770689e-06, 2.59774355e-06, 1.80794290e-06, 1.31192523e-06,
       1.29667718e-06, 7.03536760e-07, 8.22373501e-07, 5.57923813e-07,
       1.21804591e-06, 1.29666847e-06, 1.30548079e-06, 1.78538176e-06,
       1.54968287e-06, 1.45152011e-06, 1.04270585e-06, 1.45991518e-06,
       1.60505867e-06, 1.65131292e-06, 1.22779457e-06, 1.10866020e-06,
       4.72882835e-07, 5.95500637e-07, 4.48345116e-07, 7.22874241e-07,
       9.35769449e-07, 6.55296558e-07, 7.23424271e-07, 6.70275031e-07,
       7.93530058e-07, 5.57414142e-07, 3.68288709e-07, 2.17287739e-07,
       2.62798594e-07, 3.79731184e-07, 5.57322086e-07, 2.58549183e-07,
       2.11177633e-07, 1.37841043e-07, 3.68269138e-07, 2.38787695e-07,
       3.16747992e-07, 2.13559644e-07, 2.80280946e-07, 3.98909216e-07,
       7.86690603e-07, 1.03070504e-06, 1.44834047e-06, 1.34991125e-06,
       9.93535251e-07, 9.50079282e-07, 1.19679527e-06, 1.25357714e-06,
       1.17830587e-06, 7.60718505e-07, 9.91082501e-07, 1.13891771e-06,
       1.09147788e-06, 1.10222304e-06, 1.01496353e-06, 1.24285664e-06,
       9.41047109e-07, 6.87646662e-07, 1.46739011e-06, 1.21163441e-06,
       8.11112112e-07, 1.70510201e-06, 1.33486470e-06, 1.65792613e-06,
       2.62655398e-06, 1.89905576e-06, 1.12680170e-06, 1.84697900e-06,
       2.27128267e-06, 2.12406780e-06, 2.07599216e-06, 1.83720819e-06,
       1.94284061e-06, 1.23301121e-06, 1.25445056e-06, 1.32013545e-06,
       8.63809066e-07, 9.26939821e-07, 3.87025053e-07, 5.68375907e-07,
       7.05097827e-07, 6.41708088e-07, 5.66170154e-07, 1.18979436e-06,
       1.46623203e-06, 1.26528042e-06, 1.21905604e-06, 9.02671312e-07,
       9.13752888e-07, 6.84166415e-07, 6.49833948e-07, 4.70404273e-07,
       8.90333015e-07, 1.05265005e-06, 5.73247284e-07, 8.49981505e-07,
       3.72308730e-07, 5.11847052e-07, 7.04745725e-07, 3.72027716e-07,
       6.99872682e-07, 6.79639279e-07, 1.49046303e-06, 1.45185999e-06,
       1.32840459e-06, 7.50307638e-07, 1.07053479e-06, 1.02199873e-06,
       6.43565271e-07, 2.65178688e-07, 6.19515760e-07, 5.21628924e-07,
       3.90344943e-07, 4.41473177e-07, 3.77236026e-07, 6.44954014e-07,
       5.66251560e-07, 4.51138394e-07, 2.98796056e-07, 2.90727592e-07,
       1.72469694e-07, 2.22462154e-07, 3.13215307e-07, 2.78352789e-07,
       5.14874679e-07, 2.13010560e-07, 7.78638049e-07, 9.01539572e-07,
       6.63917795e-07, 7.46110456e-07, 8.81663572e-07, 1.06197904e-06,
       5.53848518e-07, 1.31784519e-06, 1.18857416e-06, 1.36283326e-06,
       1.60721396e-06, 8.27962088e-07, 1.28021431e-06, 5.78704855e-07,
       8.32830925e-07, 6.27372133e-07, 7.54985422e-07, 1.37054870e-06,
       1.32493824e-06, 1.35664098e-06, 9.97890753e-07, 1.16045696e-06,
       1.29198959e-06, 7.94361070e-07, 7.94240165e-07, 6.04080998e-07,
       5.75286222e-07, 8.18064142e-07, 5.51553790e-07, 4.07793734e-07,
       4.05111887e-07, 5.77580899e-07, 4.93862190e-07, 5.66795192e-07,
       6.19529407e-07, 2.59548004e-07, 2.40786624e-07, 2.67249582e-07,
       1.43996687e-07, 1.66597046e-07, 2.25630298e-07, 2.45193830e-07,
       2.16354106e-07, 1.90750084e-07, 6.62267463e-08, 2.75579776e-08,
       9.55758140e-08, 1.36884477e-07, 1.28124395e-07, 1.91044236e-07,
       3.99548682e-07, 2.81430874e-07, 2.57752457e-07, 2.37118582e-07,
       1.64683658e-07, 3.54731430e-07, 1.99279385e-07, 3.05043606e-07,
       2.93502801e-07, 2.58393052e-07, 3.55476333e-07, 5.30641611e-07,
       5.65497359e-07, 3.11123557e-07, 2.55731196e-07, 2.00568852e-07,
       2.16012732e-07, 3.44204355e-07, 3.20378910e-07, 4.41475010e-07,
       4.48523163e-07, 4.92371911e-07, 4.83617180e-07, 2.90988851e-07,
       4.73315785e-07, 8.43873491e-07, 7.91396548e-07, 5.72585709e-07,
       5.40915060e-07, 1.08380086e-06, 8.09341319e-07, 4.19252005e-07,
       2.36261894e-07, 2.66858549e-07, 3.38067468e-07, 4.25328901e-07,
       2.90585679e-07, 4.37020682e-07, 4.19651144e-07, 2.43051662e-07,
       5.45324576e-07, 4.26937787e-07, 1.21438804e-06, 1.28738326e-06,
       1.02204374e-06, 7.12550984e-07, 8.11500112e-07, 7.58037942e-07,
       8.99644017e-07, 7.72965825e-07, 1.34488110e-06, 1.09062930e-06,
       7.05089255e-07, 6.77824471e-07, 1.06090100e-06, 1.02269720e-06,
       1.05879427e-06, 1.32811373e-06, 1.30981709e-06, 1.20982853e-06,
       8.05390253e-07, 8.83601453e-07, 6.39547213e-07, 5.99266982e-07,
       4.88524264e-07, 3.80713682e-07, 6.51143511e-07, 1.46356291e-06,
       1.51635732e-06, 9.57276690e-07, 1.20436423e-06, 1.73923791e-06,
       1.59325641e-06, 1.49764418e-06, 1.28537165e-06, 1.70702711e-06,
       2.27406468e-06, 1.81816378e-06, 1.64762855e-06, 2.48516788e-06,
       2.16236032e-06, 1.88140897e-06, 1.62052083e-06, 1.04402714e-06,
       5.11196701e-07, 5.65953871e-07, 6.76465425e-07, 1.12706541e-06,
       1.47060750e-06, 8.86797751e-07, 8.84080381e-07, 1.88682648e-06,
       8.91018664e-07, 7.13228556e-07, 8.37781300e-07, 5.70739862e-07,
       5.80782272e-07, 1.01413490e-06, 8.16569665e-07, 8.80645049e-07,
       9.88680269e-07, 1.03186826e-06, 1.11440796e-06, 9.43100964e-07,
       3.95156684e-07, 4.53675911e-07, 3.89197855e-07, 4.04723343e-07,
       4.13223339e-07, 5.45931315e-07, 9.08264403e-07, 4.69123933e-07,
       6.26305538e-07, 1.00315422e-06, 9.24427880e-07, 9.48099926e-07,
       7.32731942e-07, 4.01742381e-07, 2.21156508e-07, 4.49958932e-07,
       5.41743784e-07, 3.10640917e-07, 1.78221513e-07, 2.32843908e-07,
       1.49930963e-07, 1.34663364e-07, 3.66821144e-07, 3.22961103e-07,
       2.94959038e-07, 2.41307936e-07, 2.04233277e-07, 4.58465044e-08,
       3.93030944e-07, 1.69156969e-07, 1.16620961e-07, 1.58199705e-07,
       3.82800022e-07, 9.12623980e-08, 2.24560424e-07, 4.10483380e-07,
       5.95237169e-07, 4.45233274e-07, 5.22222584e-07, 3.99642634e-07,
       5.04727196e-07, 5.84474573e-07, 4.10827840e-07, 5.71656786e-07,
       3.03072356e-07, 3.20640369e-07, 7.11121202e-07, 2.27576049e-07,
       1.29519899e-07, 2.83617145e-08, 1.24359543e-07, 9.26565201e-08,
       1.20596746e-07, 2.36391772e-07, 4.15671285e-08, 7.29941556e-08,
       1.13956712e-07, 4.62730195e-08, 2.36218796e-07, 1.47402589e-07,
       3.48926281e-07, 1.70756828e-07, 4.93661848e-07, 3.99525394e-07,
       3.06405723e-07, 4.78430965e-07, 6.72557951e-07, 4.27487130e-07,
       2.92831935e-07, 4.31988836e-07, 1.28534849e-07, 3.66768376e-07,
       1.94974729e-07, 2.25716127e-07, 2.55041722e-07, 2.99428573e-08,
       7.28345272e-09, 4.23184805e-09, 3.02487273e-08, 4.26128288e-08,
       1.10712936e-10, 4.71437001e-09, 2.38912406e-08, 1.50463513e-08,
       2.92488575e-09, 1.27214674e-08, 9.52534733e-09, 1.45901811e-07,
       3.93185093e-08, 3.27752180e-08, 3.10377692e-08, 3.25198132e-08,
       1.75805612e-08, 1.88184168e-08, 4.55867663e-09, 1.89934069e-08,
       4.83385521e-10, 6.37030625e-08, 1.56914656e-08, 2.93600271e-08,
       1.16641574e-08, 1.40414101e-08, 8.73943567e-08, 1.53057512e-07,
       2.54414157e-08, 1.64488064e-07, 1.55727494e-07, 1.90920587e-07,
       1.22986513e-07, 5.54886484e-08, 6.04608544e-08, 6.94908490e-08,
       3.95444172e-08, 9.58478510e-08, 1.26715480e-07, 6.99741597e-08,
       3.21462154e-08, 4.10173428e-08, 6.33881104e-08, 5.61427017e-08,
       5.56849260e-08, 2.24083040e-09, 9.17793105e-09, 3.36659934e-08,
       2.00983194e-08, 2.89093757e-08, 8.54459185e-09, 3.20585718e-10,
       2.54255029e-09, 2.41187395e-09, 1.31951137e-08, 4.47632812e-08,
       2.24177374e-08, 6.72837556e-08, 6.95262363e-08, 7.50000561e-08,
       9.04531629e-08, 2.19307828e-07, 2.71313464e-07, 1.88207330e-07,
       2.43271266e-07, 8.53954056e-08, 2.23328274e-07, 1.56750124e-07,
       1.38138160e-07, 1.53753163e-07, 1.16541352e-07, 7.90847756e-08,
       7.85194129e-08, 2.99218252e-08, 4.21789378e-08, 1.72298754e-07,
       1.89331948e-07, 4.07589694e-07, 1.12029845e-07, 1.99327013e-07,
       5.19089174e-08, 6.48977431e-08, 1.30682797e-07, 1.72128568e-07,
       1.50626274e-07, 8.08351649e-08, 7.14975942e-08, 2.55004031e-07,
       7.49482469e-08, 6.86029984e-08, 6.12052183e-08, 1.41256187e-08,
       1.53405657e-08, 2.57938646e-08, 2.96462082e-08, 9.35109513e-08,
       1.11660154e-07, 1.19541152e-07, 3.51898800e-07, 2.03220450e-07,
       1.39857472e-07, 2.44501630e-07, 1.18578480e-07, 2.64432960e-07,
       2.81068924e-07, 3.37801996e-07, 5.82353617e-07, 3.92147830e-07,
       2.35233892e-07, 1.87198780e-07, 2.74853262e-07, 3.88258870e-07,
       1.32671106e-07, 1.36306865e-07, 1.70110523e-07, 1.39319338e-07,
       1.10514131e-08, 4.68097714e-08, 9.27822985e-08, 2.53780846e-08,
       2.24817339e-08, 3.99891083e-08, 7.25365510e-09, 1.19672859e-09,
       9.10459712e-08, 1.82506918e-07, 1.67983605e-07, 2.04234812e-07,
       1.71937936e-07, 1.01943122e-07, 1.27883528e-07, 7.63404626e-08,
       5.83918827e-08, 1.36890347e-07, 1.95189464e-07, 1.86454287e-07,
       1.66306062e-07, 1.15926533e-07, 4.41202867e-07, 3.48600446e-07,
       2.78518186e-07, 9.52502814e-08, 2.27692002e-07, 9.76238231e-08,
       7.53883848e-08, 5.62601813e-08, 1.21241563e-07, 9.56236213e-08,
       3.34487329e-07, 3.74075457e-07, 2.79417950e-07, 4.05124341e-07,
       1.45610953e-07, 9.84176432e-08, 1.02868163e-07, 2.76026070e-08,
       9.83529674e-09, 1.40280288e-08, 8.34831260e-09, 1.67502186e-08,
       2.53757667e-08, 6.71524283e-09, 6.10458987e-08, 1.59229213e-09,
       1.29013669e-07, 4.12648802e-08, 2.11613604e-08, 4.92174201e-08,
       9.49392021e-08, 1.98316695e-07, 9.98467846e-08, 1.29921391e-07,
       4.21111345e-08, 1.15902860e-08, 5.02774267e-08, 1.90256719e-07,
       3.17131556e-08, 4.83116703e-08, 7.08382005e-08, 3.78594726e-09,
       5.08549911e-09, 5.59198563e-08, 5.54863202e-08, 1.02140391e-07,
       9.14343927e-08, 3.36100853e-08, 2.12125269e-07, 2.55572271e-08,
       2.36634618e-08, 8.26029813e-08, 1.09686102e-07, 6.01786701e-08,
       9.47851465e-08, 2.96415710e-08, 4.90666523e-08, 1.95805847e-07,
       4.50297628e-08, 7.56409483e-08, 1.38057726e-07, 1.20488073e-07,
       1.49943921e-07, 1.42872290e-07, 2.67477397e-07, 2.26276128e-07,
       1.04310156e-07, 8.19893332e-08, 6.21546780e-08, 2.43774103e-08,
       3.80614234e-08, 1.52521813e-08, 3.25226284e-08, 8.49005963e-08,
       1.37047443e-07, 1.34822496e-07, 2.03113585e-08, 5.07510813e-09,
       4.28557635e-08, 1.39648454e-07, 2.34358248e-08, 3.80062475e-09,
       1.23519226e-08, 2.72748394e-08, 2.10128785e-08, 7.13000652e-08,
       1.09978683e-07, 8.25963377e-09, 1.51077350e-09, 2.24392174e-08,
       6.58760737e-08, 1.06507485e-07, 1.67592857e-07, 1.25253333e-07,
       7.10856502e-08, 6.98315664e-08]), array([1.53003937e-03, 8.77863431e-03, 1.43228688e-02, 2.37100569e-02,
       4.38893118e-02, 4.31073612e-02, 3.43740224e-02, 1.79977520e-02,
       1.68799254e-02, 2.01573705e-02, 3.27185780e-02, 4.54214435e-02,
       4.94356932e-02, 4.20604821e-02, 4.46475243e-02, 2.57258495e-01,
       3.26902167e-02, 2.31457002e-02, 2.30817534e-02, 2.28899498e-02,
       2.13347852e-02, 1.94039415e-02, 1.91894958e-02, 1.83568124e-02,
       1.72708750e-02, 1.70208506e-02, 1.60089218e-02, 1.53486084e-02,
       1.38516919e-02, 1.19031733e-02, 9.90738052e-03, 7.33636485e-03,
       5.38364281e-03, 3.90552122e-03, 2.58805696e-03, 1.52497026e-03,
       9.05541180e-04, 3.79622099e-04, 2.04878509e-04, 4.87082802e-05,
       2.10415292e-05, 5.35261084e-06, 2.58429564e-06])]
---

4
---
[[[np.float64(42.273213480179614), np.float64(1.65690696057295)], [np.float64(33.02589986185981), np.float64(0.08513989537843987)], [np.float64(0.7337290516681453), np.float64(0.028801514856313527)]], array([4.01696757e-01, 3.37170849e-03, 2.85538595e-03, 2.87805453e-03,
       2.47085220e-03, 2.54942032e-03, 2.37321100e-03, 2.62499858e-03,
       2.00711436e-03, 2.91482816e-03, 2.68611656e-03, 2.15411049e-03,
       2.24710018e-03, 2.05502901e-03, 2.15280258e-03, 2.16783559e-03,
       2.09792768e-03, 2.08577997e-03, 2.60439457e-03, 1.88994927e-03,
       2.46862600e-03, 1.75289072e-03, 1.85088420e-03, 1.88228394e-03,
       2.06049371e-03, 1.67450429e-03, 1.74224954e-03, 1.63381039e-03,
       1.50436210e-03, 1.54912217e-03, 1.64928646e-03, 1.59666878e-03,
       1.60137603e-03, 1.54538329e-03, 1.45368126e-03, 1.41029457e-03,
       1.50017001e-03, 1.51722451e-03, 1.52859415e-03, 1.58646203e-03,
       1.44948645e-03, 1.41168064e-03, 1.29117894e-03, 1.45742313e-03,
       1.28692475e-03, 1.31723031e-03, 1.27432609e-03, 1.27995850e-03,
       1.25003119e-03, 1.32659714e-03, 1.26687846e-03, 1.26911301e-03,
       1.29690938e-03, 1.20489201e-03, 1.28539718e-03, 1.23976100e-03,
       1.26421235e-03, 1.27498161e-03, 1.36024836e-03, 1.33414223e-03,
       1.33319341e-03, 1.30133374e-03, 1.31965948e-03, 1.18460375e-03,
       1.19459121e-03, 1.13199691e-03, 1.19560002e-03, 1.23037548e-03,
       1.17188109e-03, 1.14235876e-03, 1.20452671e-03, 1.22834552e-03,
       1.24177552e-03, 1.13702760e-03, 1.13914429e-03, 1.09137328e-03,
       1.03582852e-03, 1.08427920e-03, 1.12385904e-03, 1.07239911e-03,
       1.12466653e-03, 1.08620048e-03, 1.02885269e-03, 1.16253985e-03,
       1.14652798e-03, 1.14632323e-03, 1.05489230e-03, 1.08061679e-03,
       1.04737561e-03, 1.07956217e-03, 1.09132686e-03, 1.02582617e-03,
       1.05556726e-03, 1.02769043e-03, 1.01909226e-03, 9.38267505e-04,
       9.97549242e-04, 9.59659223e-04, 9.57520247e-04, 9.14756389e-04,
       9.15889605e-04, 9.52369926e-04, 9.50250451e-04, 9.41894338e-04,
       9.04708186e-04, 8.56465941e-04, 8.55416330e-04, 8.68769621e-04,
       8.83776300e-04, 8.53577248e-04, 8.58999773e-04, 8.11525230e-04,
       7.48798279e-04, 7.70208488e-04, 8.02951209e-04, 7.54159094e-04,
       7.96571823e-04, 8.54533812e-04, 7.93082060e-04, 7.92886195e-04,
       7.92360923e-04, 8.90609092e-04, 8.12001327e-04, 8.32074801e-04,
       7.58041717e-04, 7.89492714e-04, 8.27983224e-04, 7.81949970e-04,
       7.66435975e-04, 7.96065602e-04, 7.95836823e-04, 7.65271853e-04,
       7.57577762e-04, 8.04774680e-04, 7.58700368e-04, 8.13069536e-04,
       7.94608821e-04, 7.33522326e-04, 7.32578116e-04, 7.10778373e-04,
       7.19371676e-04, 7.33898262e-04, 6.64409848e-04, 7.14235150e-04,
       6.68368202e-04, 6.95461809e-04, 6.95344445e-04, 7.21102588e-04,
       7.01580664e-04, 7.33326466e-04, 7.19111031e-04, 7.12708612e-04,
       6.70457844e-04, 6.93448787e-04, 7.07062020e-04, 6.62052519e-04,
       6.72858028e-04, 6.72428546e-04, 6.49713480e-04, 6.51020331e-04,
       5.94033282e-04, 6.52978793e-04, 6.67714293e-04, 6.13188617e-04,
       6.00443452e-04, 6.38021757e-04, 6.04515554e-04, 5.83238148e-04,
       6.23410892e-04, 5.70642644e-04, 5.76156452e-04, 5.51353654e-04,
       5.69599326e-04, 5.60266415e-04, 5.84477779e-04, 6.08341786e-04,
       5.80166096e-04, 5.88468693e-04, 5.82155355e-04, 5.62310565e-04,
       5.61348480e-04, 6.01982945e-04, 6.02248470e-04, 5.59407596e-04,
       5.56048061e-04, 5.15146166e-04, 5.25479290e-04, 5.37191455e-04,
       5.71428698e-04, 5.51334179e-04, 5.36422903e-04, 5.13492602e-04,
       5.09952284e-04, 5.30384982e-04, 5.24940406e-04, 5.86738350e-04,
       5.29633772e-04, 5.11387254e-04, 4.70495939e-04, 4.62684331e-04,
       4.65992676e-04, 4.47731118e-04, 4.85055362e-04, 4.84045002e-04,
       4.66542336e-04, 4.57998413e-04, 4.67561385e-04, 4.77307361e-04,
       4.54685837e-04, 4.84162986e-04, 4.58603802e-04, 4.67387221e-04,
       4.60725283e-04, 4.54805404e-04, 4.56071233e-04, 4.36332175e-04,
       4.35577418e-04, 4.42224107e-04, 4.10442640e-04, 4.49823023e-04,
       4.67253349e-04, 4.15129315e-04, 4.25529641e-04, 4.56609643e-04,
       4.20726672e-04, 4.36351834e-04, 4.41905711e-04, 4.55256503e-04,
       4.50625230e-04, 4.56949280e-04, 4.26542575e-04, 3.75348989e-04,
       4.07898436e-04, 3.96736998e-04, 4.35215871e-04, 3.90784216e-04,
       4.21493337e-04, 4.55963259e-04, 3.98538155e-04, 3.61768885e-04,
       3.95584932e-04, 4.04844479e-04, 3.84683143e-04, 3.89354576e-04,
       3.96925785e-04, 3.94354477e-04, 4.11965825e-04, 4.13822690e-04,
       3.88804276e-04, 3.80027151e-04, 3.75327038e-04, 4.19534478e-04,
       3.73668561e-04, 3.75009250e-04, 3.89704548e-04, 3.65240247e-04,
       3.80281864e-04, 3.86821402e-04, 3.74536627e-04, 3.90072638e-04,
       3.69266999e-04, 3.94958194e-04, 3.73635237e-04, 3.50424859e-04,
       3.32353422e-04, 3.55978276e-04, 3.55287193e-04, 3.47729731e-04,
       3.50796709e-04, 3.59802962e-04, 3.63940207e-04, 3.63283648e-04,
       3.40174662e-04, 3.41938082e-04, 3.87146013e-04, 3.65138756e-04,
       3.65961404e-04, 3.72976826e-04, 3.67365276e-04, 3.62167979e-04,
       3.55986666e-04, 3.50814469e-04, 3.46110861e-04, 3.38671448e-04,
       3.22367364e-04, 3.25976686e-04, 3.15725706e-04, 3.53640326e-04,
       3.61613484e-04, 3.61273870e-04, 3.74307992e-04, 3.77335459e-04,
       3.62250911e-04, 3.42277964e-04, 3.40318716e-04, 3.55168922e-04,
       3.31501757e-04, 3.39620074e-04, 3.27832784e-04, 3.27729580e-04,
       3.24232145e-04, 3.36493463e-04, 3.49188725e-04, 3.08682911e-04,
       3.34087130e-04, 3.19456319e-04, 3.09659047e-04, 2.98748501e-04,
       3.29794987e-04, 3.13118823e-04, 3.14922391e-04, 3.33952935e-04,
       3.55819817e-04, 3.31426072e-04, 3.19558875e-04, 3.31444722e-04,
       3.02329213e-04, 2.97473342e-04, 3.22702160e-04, 3.21808401e-04,
       2.95666679e-04, 2.93872514e-04, 3.05242333e-04, 2.84046440e-04,
       2.94286073e-04, 3.04511986e-04, 3.03723418e-04, 3.24279506e-04,
       3.34144514e-04, 3.12640748e-04, 3.04095663e-04, 3.01078454e-04,
       3.23190558e-04, 3.17585874e-04, 3.16611235e-04, 3.16693582e-04,
       3.16880769e-04, 3.38031313e-04, 3.57683992e-04, 3.38896450e-04,
       3.18521881e-04, 3.32927713e-04, 3.34242087e-04, 3.12824866e-04,
       2.99649429e-04, 3.03212998e-04, 2.65857087e-04, 2.72620485e-04,
       2.70472697e-04, 2.70001543e-04, 2.88429213e-04, 2.71880091e-04,
       2.73278479e-04, 2.66730723e-04, 2.91953022e-04, 3.17817628e-04,
       3.29508469e-04, 2.90086238e-04, 2.76209069e-04, 3.04277791e-04,
       2.99183614e-04, 2.66598513e-04, 2.88498695e-04, 2.76788329e-04,
       2.62107106e-04, 2.82564702e-04, 2.71126949e-04, 2.67309151e-04,
       2.75694511e-04, 2.80444819e-04, 2.66334912e-04, 2.86700439e-04,
       2.90574807e-04, 2.77877483e-04, 2.72694917e-04, 2.73436699e-04,
       2.78098724e-04, 2.99243125e-04, 3.01236506e-04, 2.52580353e-04,
       2.58216031e-04, 2.56739103e-04, 2.52518150e-04, 2.64922639e-04,
       2.95550168e-04, 2.88502879e-04, 2.80571379e-04, 3.10620591e-04,
       2.94553788e-04, 3.08528147e-04, 3.30489057e-04, 3.28758074e-04,
       3.05117913e-04, 3.12262210e-04, 2.87877564e-04, 2.90837571e-04,
       2.95004894e-04, 3.10753319e-04, 2.86826353e-04, 2.92397834e-04,
       2.78202336e-04, 2.79000075e-04, 2.63894386e-04, 2.52108375e-04,
       2.71957484e-04, 2.63495109e-04, 2.72539179e-04, 2.72850288e-04,
       2.61844754e-04, 2.85947640e-04, 2.81921375e-04, 2.68494271e-04,
       2.73633532e-04, 2.76750514e-04, 2.68798870e-04, 2.69979399e-04,
       2.72025252e-04, 2.67047462e-04, 2.59054125e-04, 2.80007431e-04,
       2.67208887e-04, 2.63182375e-04, 2.67511998e-04, 2.72019344e-04,
       2.81440069e-04, 2.82950594e-04, 2.83679181e-04, 2.74640972e-04,
       2.58205889e-04, 2.56358076e-04, 2.47845102e-04, 2.65863652e-04,
       2.66889489e-04, 2.62297353e-04, 2.78641834e-04, 2.78547247e-04,
       2.67079845e-04, 2.64490521e-04, 2.95272421e-04, 2.57590574e-04,
       2.54090368e-04, 2.69175014e-04, 2.57027432e-04, 2.62866793e-04,
       2.71576419e-04, 2.61524355e-04, 2.71188559e-04, 2.72696417e-04,
       2.71683058e-04, 2.67425030e-04, 2.62545151e-04, 2.73995547e-04,
       2.68401480e-04, 2.72188823e-04, 2.61912851e-04, 2.56204991e-04,
       2.79104391e-04, 2.50698862e-04, 2.63414686e-04, 2.57619495e-04,
       2.65493216e-04, 2.54175773e-04, 2.56293347e-04, 2.68123241e-04,
       2.74138111e-04, 2.59902877e-04, 2.68010567e-04, 2.55721692e-04,
       2.67321465e-04, 2.54377100e-04, 2.49053164e-04, 2.51608798e-04,
       2.71008826e-04, 2.80794179e-04, 2.73938258e-04, 2.85170571e-04,
       2.76757709e-04, 2.77066415e-04, 2.58033208e-04, 2.49659553e-04,
       2.51990666e-04, 2.68585434e-04, 2.56240122e-04, 2.83494048e-04,
       2.76715907e-04, 2.95255537e-04, 2.68769639e-04, 2.74950206e-04,
       2.96515427e-04, 2.86199942e-04, 2.66597888e-04, 2.53676145e-04,
       2.66411638e-04, 2.68842670e-04, 2.53505477e-04, 2.64963912e-04,
       2.55879400e-04, 2.87663158e-04, 2.72668348e-04, 2.69775812e-04,
       2.71256258e-04, 2.81245713e-04, 2.68330383e-04, 2.59657720e-04,
       2.77399892e-04, 2.66464302e-04, 2.82475337e-04, 2.74402491e-04,
       2.71928176e-04, 2.74497247e-04, 2.86216168e-04, 2.94343479e-04,
       2.78888458e-04, 2.73293794e-04, 2.68421411e-04, 2.67361795e-04,
       2.60144685e-04, 2.64054647e-04, 2.63475823e-04, 2.62726214e-04,
       2.87182050e-04, 2.71346976e-04, 2.65203599e-04, 2.57532773e-04,
       2.81440038e-04, 2.66874564e-04, 2.50828294e-04, 2.39440292e-04,
       2.51616880e-04, 2.54886758e-04, 2.52584390e-04, 2.43705380e-04,
       2.51923089e-04, 2.53745579e-04, 2.59538707e-04, 2.70966676e-04,
       2.64993534e-04, 2.60156974e-04, 2.56745573e-04, 2.42760723e-04,
       2.44684637e-04, 2.53016737e-04, 2.52634052e-04, 2.61127435e-04,
       2.59704078e-04, 2.49829843e-04, 2.58141898e-04, 2.48706565e-04,
       2.69508988e-04, 2.43659104e-04, 2.50884951e-04, 2.51757673e-04,
       2.39508561e-04, 2.42589236e-04, 2.56910634e-04, 2.32901683e-04,
       2.61064057e-04, 2.63295906e-04, 2.74806411e-04, 2.77596769e-04,
       2.69819580e-04, 2.65924329e-04, 2.71744859e-04, 2.83781226e-04,
       2.91706518e-04, 2.90057580e-04, 2.99453893e-04, 2.99838418e-04,
       3.05939904e-04, 3.05617762e-04, 2.82688123e-04, 2.76506017e-04,
       2.62846161e-04, 2.62863792e-04, 2.80025473e-04, 2.88154740e-04,
       2.98606381e-04, 2.77590695e-04, 2.63559044e-04, 2.67345519e-04,
       2.79642267e-04, 2.68269653e-04, 2.72365443e-04, 2.84661163e-04,
       2.68629281e-04, 2.65435889e-04, 2.74416703e-04, 2.63340832e-04,
       2.80894561e-04, 2.82292452e-04, 2.54592620e-04, 2.71868429e-04,
       2.80572266e-04, 2.72213845e-04, 2.56362921e-04, 2.68617535e-04,
       2.69583520e-04, 2.60805627e-04, 2.68088309e-04, 2.67685194e-04,
       2.76704318e-04, 2.83769812e-04, 2.79992115e-04, 2.76304546e-04,
       2.64043367e-04, 2.56093710e-04, 2.70863752e-04, 2.80509228e-04,
       3.01271150e-04, 2.76202967e-04, 2.77011641e-04, 2.97810587e-04,
       2.87218077e-04, 2.85004272e-04, 2.72981093e-04, 2.55774075e-04,
       2.61104242e-04, 2.58995595e-04, 2.59858014e-04, 2.63514710e-04,
       2.60706064e-04, 2.73581946e-04, 2.78416449e-04, 2.79115098e-04,
       2.70589064e-04, 2.68751739e-04, 2.73332947e-04, 2.70730912e-04,
       2.68509894e-04, 2.61112311e-04, 2.66048326e-04, 2.59331063e-04,
       2.59516814e-04, 2.56003018e-04, 2.79027242e-04, 2.63161281e-04,
       2.56763681e-04, 2.84527318e-04, 2.87877739e-04, 2.87905835e-04,
       2.90620895e-04, 2.85665770e-04, 2.60913656e-04, 2.82995423e-04,
       2.92279388e-04, 2.83202300e-04, 2.73609840e-04, 2.74961624e-04,
       2.83194514e-04, 2.88799364e-04, 2.75091781e-04, 2.77389866e-04,
       2.88760092e-04, 2.98374390e-04, 2.85037766e-04, 2.71219100e-04,
       2.76487930e-04, 2.74658037e-04, 2.74422965e-04, 2.77049105e-04,
       2.67157403e-04, 2.76145397e-04, 2.75615469e-04, 2.65000807e-04,
       2.69815821e-04, 2.85659589e-04, 2.62365154e-04, 2.83452581e-04,
       2.74530246e-04, 2.77815209e-04, 3.02867050e-04, 2.73321654e-04,
       2.67703497e-04, 2.72387125e-04, 2.70446926e-04, 2.73694028e-04,
       2.87555543e-04, 2.76386728e-04, 2.80286899e-04, 2.94631549e-04,
       2.78763092e-04, 2.82962637e-04, 2.88287420e-04, 2.87659614e-04,
       2.77526858e-04, 2.78456795e-04, 2.82412688e-04, 2.72110463e-04,
       2.57801655e-04, 2.44033434e-04, 2.58905219e-04, 2.70085047e-04,
       2.70093194e-04, 2.70376979e-04, 2.71495287e-04, 2.87498268e-04,
       2.91607680e-04, 2.81221539e-04, 2.79523933e-04, 2.74769465e-04,
       2.88380741e-04, 2.75946824e-04, 2.69272993e-04, 2.37740775e-04,
       2.57169032e-04, 2.79956890e-04, 2.44298764e-04, 2.60883998e-04,
       2.47858062e-04, 2.63263266e-04, 2.69925347e-04, 2.62353763e-04,
       2.48435549e-04, 2.60948024e-04, 2.76874027e-04, 2.83580219e-04,
       2.73345122e-04, 2.82283178e-04, 2.48785195e-04, 2.59885750e-04,
       2.85662754e-04, 2.73091783e-04, 2.78603690e-04, 2.71006401e-04,
       2.84132515e-04, 2.77353935e-04, 2.71863189e-04, 2.93580144e-04,
       2.70132310e-04, 2.89455193e-04, 2.81505915e-04, 3.05045419e-04,
       2.68095507e-04, 2.61513060e-04, 2.77400071e-04, 2.77938353e-04,
       2.65590763e-04, 2.74647567e-04, 2.68681078e-04, 2.75920186e-04,
       2.74194802e-04, 2.95191831e-04, 3.23263903e-04, 2.87779876e-04,
       2.96719034e-04, 3.06522892e-04, 2.88180146e-04, 2.84840496e-04,
       2.88197697e-04, 3.16328628e-04, 3.07742160e-04, 2.80659804e-04,
       3.06178056e-04, 2.96518131e-04, 2.87280036e-04, 2.75969454e-04,
       3.11056538e-04, 2.77190784e-04, 2.87386758e-04, 2.72802759e-04,
       2.86789581e-04, 2.90054919e-04, 2.84173143e-04, 2.63163037e-04,
       2.81165588e-04, 2.65339919e-04, 2.78069734e-04, 2.89781213e-04,
       2.81443501e-04, 2.67029690e-04, 2.62642977e-04, 2.83886399e-04,
       2.72974242e-04, 2.78101072e-04, 2.51845571e-04, 2.94703425e-04,
       2.67926490e-04, 2.58735654e-04, 2.63722500e-04, 2.73982942e-04,
       2.70220340e-04, 2.87755910e-04, 2.68286132e-04, 2.60091344e-04,
       2.79895658e-04, 2.73084436e-04, 2.85062907e-04, 2.75688618e-04,
       2.87332582e-04, 2.52854834e-04, 2.65025065e-04, 2.70897873e-04,
       2.57429116e-04, 2.64910348e-04, 2.78142140e-04, 2.79691631e-04,
       2.70597949e-04, 2.72835860e-04, 2.55395411e-04, 2.70649745e-04,
       2.55818619e-04, 2.48499679e-04, 2.67772879e-04, 2.46136696e-04,
       2.59461847e-04, 2.83291299e-04, 2.84437169e-04, 2.53449998e-04,
       2.74016566e-04, 2.58542037e-04, 2.59800389e-04, 2.80953120e-04,
       2.63236921e-04, 2.73310775e-04, 2.72491897e-04, 2.57997258e-04,
       2.70337995e-04, 2.70388261e-04, 2.61776579e-04, 2.74295566e-04,
       2.72927172e-04, 2.65244727e-04, 2.48445529e-04, 2.45142517e-04,
       2.72359618e-04, 2.68874925e-04, 2.74904914e-04, 2.83235613e-04,
       2.60374256e-04, 2.45779748e-04, 2.52003958e-04, 2.69163389e-04,
       2.51493545e-04, 2.77048736e-04, 2.60464419e-04, 2.65326620e-04,
       2.84660821e-04, 2.64491409e-04, 2.39953872e-04, 2.55935846e-04,
       2.85951633e-04, 2.58861905e-04, 2.62326256e-04, 2.63264808e-04,
       2.57359778e-04, 2.70354326e-04, 2.74539825e-04, 2.65462813e-04,
       2.57901291e-04, 2.69920811e-04, 2.51763264e-04, 2.69708817e-04,
       2.71716785e-04, 2.68797519e-04, 2.77518839e-04, 2.71988518e-04,
       2.75785606e-04, 2.64811521e-04, 2.54461697e-04, 2.66122660e-04,
       2.48674874e-04, 2.48463818e-04, 2.54853322e-04, 2.52154325e-04,
       2.45277411e-04, 2.67744222e-04, 2.78405498e-04, 2.67609489e-04,
       2.50968122e-04, 2.64682532e-04, 2.72777691e-04, 2.54102254e-04,
       2.54446437e-04, 2.88508272e-04, 2.53190351e-04, 2.90131845e-04,
       2.54815653e-04, 2.66763911e-04, 2.67189354e-04, 2.61917714e-04,
       2.40778655e-04, 2.58764043e-04, 2.49146392e-04, 2.51056705e-04,
       2.69732637e-04, 2.59667993e-04, 2.45518212e-04, 2.46170898e-04,
       2.80246860e-04, 2.69605683e-04, 2.47254174e-04, 2.66942746e-04,
       2.44009429e-04, 2.44673620e-04, 2.48849502e-04, 2.51046530e-04,
       2.45676228e-04, 2.56212272e-04, 2.57892144e-04, 2.54586074e-04,
       2.61137427e-04, 2.53816056e-04, 2.58646598e-04, 2.48363933e-04,
       2.67824680e-04, 2.59808781e-04, 2.60131963e-04, 2.83458244e-04,
       3.07948903e-04, 2.76580392e-04, 2.65854541e-04, 2.50304547e-04,
       2.71059301e-04, 2.73557686e-04, 2.60753670e-04, 2.54085153e-04,
       2.71504789e-04, 2.77316162e-04, 2.98294406e-04, 2.78837926e-04,
       2.52810563e-04, 2.74453889e-04, 2.81709337e-04, 2.69597281e-04,
       2.71132791e-04, 2.51008786e-04, 2.54212775e-04, 2.65092290e-04,
       2.68958010e-04, 2.98549740e-04, 2.69904421e-04, 2.56452939e-04,
       2.66771251e-04, 2.73410023e-04, 2.64744378e-04, 2.78261378e-04,
       2.59821349e-04, 2.86705338e-04, 2.57145857e-04, 2.74538920e-04,
       2.70996995e-04, 2.68699632e-04, 2.58071158e-04, 2.87016355e-04,
       2.59105334e-04, 2.60320757e-04, 2.75583595e-04, 2.60758031e-04,
       2.78064263e-04, 2.56727020e-04, 2.51711668e-04, 2.56324323e-04,
       2.77547382e-04, 2.64467640e-04, 2.63935849e-04, 2.61717557e-04,
       2.69039604e-04, 2.52306268e-04, 2.54586391e-04, 2.64491242e-04,
       2.46340108e-04, 2.53627957e-04, 2.69138310e-04, 2.51704770e-04,
       2.54115352e-04, 2.34189521e-04, 2.43958120e-04, 2.44573047e-04,
       2.35106119e-04, 2.38700512e-04, 2.38565043e-04, 2.37800259e-04,
       2.36166274e-04, 2.52087208e-04, 2.57538142e-04, 2.32712729e-04,
       2.46314127e-04, 2.55809772e-04, 2.29663724e-04, 2.24653848e-04,
       2.23138451e-04, 2.33563752e-04, 2.60314023e-04, 2.72778768e-04,
       2.72658366e-04, 2.65562792e-04, 2.49284402e-04, 2.49538460e-04,
       2.62194665e-04, 2.57021064e-04, 2.57242994e-04, 2.61764784e-04,
       2.63726342e-04, 2.51159563e-04, 2.58165990e-04, 2.62862492e-04,
       2.76773690e-04, 2.52964292e-04, 2.62162522e-04, 2.56148646e-04,
       2.52294730e-04, 2.63560490e-04, 2.62042823e-04, 2.65506229e-04,
       2.69708739e-04, 2.85251128e-04, 2.43538226e-04, 2.56931325e-04,
       2.58201221e-04, 2.53125516e-04, 2.40062698e-04, 2.52011540e-04,
       2.61022882e-04, 2.58604877e-04, 2.74600074e-04, 2.54776329e-04,
       2.49086132e-04, 2.42099627e-04, 2.57957511e-04, 2.42904762e-04,
       2.33826121e-04, 2.44429466e-04, 2.49394847e-04, 2.48831355e-04,
       2.61089499e-04, 2.57118345e-04, 2.40185930e-04, 2.57924299e-04,
       2.57464876e-04, 2.62959928e-04, 2.40162873e-04, 2.54331703e-04,
       2.56549067e-04, 2.43838607e-04, 2.49295051e-04, 2.55090509e-04,
       2.50272441e-04, 2.51059524e-04, 2.54207504e-04, 2.46658166e-04,
       2.38642039e-04, 2.33875360e-04, 2.33040451e-04, 2.27575830e-04,
       2.48628769e-04, 2.44164716e-04, 2.67709869e-04, 2.44507909e-04,
       2.56773009e-04, 2.68761403e-04, 2.67703594e-04, 2.45670573e-04,
       2.56937384e-04, 2.72079300e-04, 2.43502181e-04, 2.55169896e-04,
       2.38182369e-04, 2.50145418e-04, 2.32678288e-04, 2.34942309e-04,
       2.35823193e-04, 2.36069641e-04, 2.35865964e-04, 2.45130463e-04,
       2.51546186e-04, 2.43944117e-04, 2.56347654e-04, 2.56589986e-04,
       2.57658095e-04, 2.60476964e-04, 2.58503690e-04, 2.51530328e-04,
       2.54314906e-04, 2.53986681e-04, 2.40812740e-04, 2.53599758e-04,
       2.53310508e-04, 2.44409415e-04, 2.51725634e-04, 2.46791007e-04,
       2.51811728e-04, 2.43620474e-04, 2.37951802e-04, 2.41408259e-04,
       2.45403870e-04, 2.48211788e-04, 2.36322423e-04, 2.41768503e-04,
       2.34722012e-04, 2.40779752e-04, 2.45013457e-04, 2.35394625e-04,
       2.39885141e-04, 2.35809028e-04, 2.33347858e-04, 2.42025320e-04,
       2.35613969e-04, 2.42618509e-04, 2.53577620e-04, 2.48119621e-04,
       2.37402605e-04, 2.38996346e-04, 2.32925351e-04, 2.41654307e-04,
       2.40986456e-04, 2.37170705e-04, 2.30452927e-04, 2.44156921e-04,
       2.34669941e-04, 2.33635824e-04, 2.34633072e-04, 2.34241619e-04,
       2.36108863e-04, 2.35889192e-04, 2.28874418e-04, 2.27035231e-04,
       2.38468466e-04, 2.37113665e-04, 2.31664097e-04, 2.39684922e-04,
       2.41863421e-04, 2.33412161e-04, 2.21733440e-04, 2.28404047e-04,
       2.14692849e-04, 2.21955714e-04, 2.25908815e-04, 2.33292144e-04,
       2.25499527e-04, 2.35952907e-04, 2.31489491e-04, 2.32416994e-04,
       2.33599226e-04, 2.42772299e-04, 2.32556715e-04, 2.46318269e-04,
       2.50107774e-04, 2.37127149e-04, 2.51505014e-04, 2.42068782e-04,
       2.51229555e-04, 2.38107339e-04, 2.48309698e-04, 2.44507087e-04,
       2.49975861e-04, 2.42157383e-04, 2.44401901e-04, 2.42337494e-04,
       2.37487040e-04, 2.29756082e-04, 2.25889902e-04, 2.29167822e-04,
       2.23150521e-04, 2.15333655e-04, 2.30686594e-04, 2.20283196e-04,
       2.20916996e-04, 2.38652657e-04, 2.26374303e-04, 2.17080191e-04,
       2.22675305e-04, 2.19848677e-04, 2.26611624e-04, 2.36846529e-04,
       2.24127060e-04, 2.19245864e-04, 2.18999265e-04, 2.17251907e-04,
       2.00974383e-04, 2.08571733e-04, 2.24015484e-04, 2.21464716e-04,
       2.18769814e-04, 2.30629833e-04, 2.20159617e-04, 2.19052933e-04,
       2.19728119e-04, 2.21674226e-04, 2.24198203e-04, 2.25159446e-04,
       2.14450632e-04, 2.07842227e-04, 2.12346748e-04, 2.11245724e-04,
       2.20334485e-04, 2.03886269e-04, 2.12916302e-04, 2.11120090e-04,
       2.08196220e-04, 2.06292305e-04, 2.05817196e-04, 1.99318593e-04,
       1.97278748e-04, 2.07255876e-04, 2.02278629e-04, 2.04128744e-04,
       2.10680848e-04, 2.11295540e-04, 1.99929255e-04, 2.00466482e-04,
       1.90853372e-04, 1.92788106e-04, 1.96645398e-04, 2.01764234e-04,
       2.04723297e-04, 2.11670121e-04, 2.17637038e-04, 2.04942653e-04,
       2.18082475e-04, 2.12399064e-04, 2.01164142e-04, 1.92239784e-04,
       1.95487174e-04, 1.89684221e-04, 1.96280615e-04, 2.06111349e-04,
       2.16088650e-04, 2.15619085e-04, 2.14252462e-04, 2.08657591e-04,
       2.12295798e-04, 2.10598813e-04, 2.08518237e-04, 2.07621917e-04,
       2.06812514e-04, 2.04043388e-04, 1.98650159e-04, 2.05883973e-04,
       2.01163851e-04, 1.99671998e-04, 1.95823215e-04, 1.95724744e-04,
       1.97028270e-04, 1.92960799e-04, 2.08925571e-04, 2.02339124e-04,
       2.08773936e-04, 2.00942833e-04, 2.05011318e-04, 2.17235539e-04,
       2.03597509e-04, 2.06705212e-04, 2.05738812e-04, 2.13746172e-04,
       2.16354747e-04, 2.24654494e-04, 2.21735582e-04, 2.19768703e-04,
       2.15933239e-04, 2.21350170e-04, 2.15301348e-04, 2.19642680e-04,
       2.17572495e-04, 2.18213864e-04, 2.16146825e-04, 2.12995744e-04,
       1.97441276e-04, 2.01033288e-04, 2.00178254e-04, 2.03348734e-04,
       2.07684660e-04, 2.15431802e-04, 2.18563394e-04, 2.17222498e-04,
       2.13597239e-04, 2.12250833e-04, 2.11033391e-04, 2.09598012e-04,
       1.87358797e-04, 2.07735538e-04, 2.10370813e-04, 2.12139770e-04,
       2.06974523e-04, 2.04361522e-04, 1.97334909e-04, 1.95568721e-04,
       1.90540397e-04, 1.89205796e-04, 2.20278601e-04, 1.95874354e-04,
       1.94712398e-04, 2.04015600e-04, 2.08717940e-04, 1.90194235e-04,
       1.88807333e-04, 1.82906474e-04, 1.79024522e-04, 1.89966861e-04,
       1.92078379e-04, 1.96029751e-04, 1.87346737e-04, 1.94960915e-04,
       1.99907421e-04, 2.05777526e-04, 1.79475003e-04, 1.89369729e-04,
       1.79222226e-04, 1.90507860e-04, 1.79760258e-04, 1.86283643e-04,
       1.99355960e-04, 1.88690456e-04, 1.93370886e-04, 2.02377761e-04,
       2.00172925e-04, 1.94779635e-04, 1.97130739e-04, 1.95815511e-04,
       1.89741481e-04, 1.88969719e-04, 1.87500676e-04, 1.85622473e-04,
       1.93430348e-04, 1.91529384e-04, 1.88293333e-04, 1.82262594e-04,
       1.97110502e-04, 1.85887306e-04, 1.91960030e-04, 1.84913363e-04,
       1.95849408e-04, 1.90816157e-04, 1.81090108e-04, 1.83883900e-04,
       1.86274594e-04, 1.82274148e-04, 2.02642901e-04, 1.96477164e-04,
       1.93999827e-04, 1.95932945e-04, 1.86047233e-04, 1.79284204e-04,
       1.82135209e-04, 1.86280030e-04, 1.83334207e-04, 1.88091058e-04,
       1.80552035e-04, 1.81535654e-04, 1.91678425e-04, 1.88359258e-04,
       1.75909352e-04, 1.79919060e-04, 1.76643109e-04, 1.78643847e-04,
       1.79758070e-04, 1.79027554e-04, 1.73465277e-04, 1.66395798e-04,
       1.71318258e-04, 1.77566350e-04, 1.84394727e-04, 1.74857615e-04,
       1.88108031e-04, 1.88596892e-04, 1.96883626e-04, 1.82703057e-04,
       1.75326701e-04, 1.87902688e-04, 1.77978876e-04, 1.75856789e-04,
       1.80960555e-04, 1.84140911e-04, 1.90185445e-04, 1.90458296e-04,
       1.75125545e-04, 1.77108987e-04, 1.82013643e-04, 1.95624821e-04,
       1.90533059e-04, 1.76891415e-04, 1.77386427e-04, 1.79415471e-04,
       1.90398353e-04, 1.84930065e-04, 1.75416986e-04, 1.84770997e-04,
       1.80391434e-04, 1.82233715e-04, 1.79309645e-04, 1.75637053e-04,
       1.88559819e-04, 1.80213652e-04, 1.91414522e-04, 1.89718982e-04,
       1.86568108e-04, 1.87371551e-04, 1.82649645e-04, 1.74450509e-04,
       1.69787041e-04, 1.75543678e-04, 1.67488694e-04, 1.72575249e-04,
       1.73287583e-04, 1.73240395e-04, 1.73059154e-04, 1.64817575e-04,
       1.65122645e-04, 1.65792951e-04, 1.65150169e-04, 1.73546994e-04,
       1.72029381e-04, 1.68159710e-04, 1.74148360e-04, 1.80220383e-04,
       1.68501259e-04, 1.70272618e-04, 1.70116018e-04, 1.71668303e-04,
       1.67624240e-04, 1.61914772e-04, 1.69218358e-04, 1.64114533e-04,
       1.52966252e-04, 1.62965583e-04, 1.66643076e-04, 1.63005134e-04,
       1.60176668e-04, 1.55766519e-04, 1.42378410e-04, 1.44418322e-04,
       1.42107119e-04, 1.49773261e-04, 1.50965003e-04, 1.46838803e-04,
       1.53861640e-04, 1.42718829e-04, 1.50219644e-04, 1.45338325e-04,
       1.53860409e-04, 1.56364289e-04, 1.51320875e-04, 1.46676183e-04,
       1.48913553e-04, 1.60619117e-04, 1.55083635e-04, 1.52959838e-04,
       1.56236850e-04, 1.59139556e-04, 1.54348362e-04, 1.58429318e-04,
       1.60946126e-04, 1.70416932e-04, 1.58279310e-04, 1.68136295e-04,
       1.62265036e-04, 1.68009218e-04, 1.70479535e-04, 1.66553490e-04,
       1.71942816e-04, 1.68893436e-04, 1.64583926e-04, 1.63102524e-04,
       1.61355426e-04, 1.64113897e-04, 1.62031943e-04, 1.58386031e-04,
       1.62467003e-04, 1.64875431e-04, 1.58286444e-04, 1.58078449e-04,
       1.59905604e-04, 1.67770972e-04, 1.61121439e-04, 1.59945107e-04,
       1.56414749e-04, 1.53720760e-04, 1.49794525e-04, 1.56798546e-04,
       1.68624680e-04, 1.70873893e-04, 1.75158828e-04, 1.74507762e-04,
       1.79970332e-04, 1.75062021e-04, 1.73690202e-04, 1.70918171e-04,
       1.64185001e-04, 1.61522555e-04, 1.64740871e-04, 1.59354496e-04,
       1.55195924e-04, 1.55472657e-04, 1.50581147e-04, 1.46017294e-04,
       1.48770707e-04, 1.47259398e-04, 1.35877477e-04, 1.38633666e-04,
       1.36292936e-04, 1.37730331e-04, 1.44715929e-04, 1.39246976e-04,
       1.41329761e-04, 1.42706460e-04, 1.40811952e-04, 1.35846360e-04,
       1.38854544e-04, 1.32787956e-04, 1.40607687e-04, 1.36174825e-04,
       1.38356936e-04, 1.39031201e-04, 1.37700310e-04, 1.35125734e-04,
       1.30650988e-04, 1.31561940e-04, 1.27546350e-04, 1.25377518e-04,
       1.33578053e-04, 1.29987961e-04, 1.31935073e-04, 1.35156986e-04,
       1.38986627e-04, 1.43946194e-04, 1.42450668e-04, 1.37869618e-04,
       1.37516545e-04, 1.34707540e-04, 1.30949025e-04, 1.22455097e-04,
       1.24177640e-04, 1.23532805e-04, 1.23544786e-04, 1.28804131e-04,
       1.33768637e-04, 1.37189189e-04, 1.33218760e-04, 1.35597941e-04,
       1.34357065e-04, 1.34304815e-04, 1.31629900e-04, 1.30197211e-04,
       1.28452808e-04, 1.28266318e-04, 1.29897268e-04, 1.30420193e-04,
       1.28847395e-04, 1.28349167e-04, 1.28094752e-04, 1.29891637e-04,
       1.25684089e-04, 1.25245731e-04, 1.29626333e-04, 1.31832116e-04,
       1.31577644e-04, 1.27471506e-04, 1.28816431e-04, 1.22689010e-04,
       1.22653054e-04, 1.22993564e-04, 1.24515696e-04, 1.26890426e-04,
       1.25238006e-04, 1.24919305e-04, 1.25815128e-04, 1.17786588e-04,
       1.26922138e-04, 1.26564628e-04, 1.25216914e-04, 1.20634213e-04,
       1.20487830e-04, 1.17770482e-04, 1.31705267e-04, 1.27808271e-04,
       1.20544959e-04, 1.29320632e-04, 1.21948589e-04, 1.28936235e-04,
       1.18280611e-04, 1.11284034e-04, 1.08445728e-04, 1.18588895e-04,
       1.13334543e-04, 1.15583579e-04, 1.06821828e-04, 1.08236026e-04,
       1.12454919e-04, 1.17542582e-04, 1.20237568e-04, 1.21153759e-04,
       1.11950344e-04, 1.09827984e-04, 1.10764336e-04, 1.06930557e-04,
       1.07749020e-04, 1.09467077e-04, 1.09945641e-04, 1.09689529e-04,
       1.10451811e-04, 1.10238270e-04, 1.05689771e-04, 1.00599512e-04,
       1.03360925e-04, 1.07161826e-04, 1.08018461e-04, 1.02679407e-04,
       1.10565161e-04, 1.11166706e-04, 1.06652322e-04, 1.07794002e-04,
       1.11227290e-04, 1.10919043e-04, 1.08848260e-04, 1.06824193e-04,
       1.13346062e-04, 1.04789664e-04, 1.02917381e-04, 1.07705582e-04,
       1.09601799e-04, 1.14405745e-04, 1.17798596e-04, 1.20905925e-04,
       1.20485607e-04, 1.11803638e-04, 1.11532902e-04, 1.16502450e-04,
       1.09862970e-04, 1.02282073e-04, 1.01590513e-04, 1.04846034e-04,
       1.07625382e-04, 1.02883419e-04, 1.05064998e-04, 1.03061999e-04,
       9.84581195e-05, 9.01523939e-05, 9.12722259e-05, 9.41106485e-05,
       8.84263857e-05, 8.82455683e-05, 9.28392707e-05, 9.17448717e-05,
       9.44435149e-05, 9.21802769e-05, 9.11371730e-05, 9.56154189e-05,
       9.54219628e-05, 9.91216142e-05, 9.23819379e-05, 9.14631110e-05,
       9.12497885e-05, 9.52621704e-05, 9.14522629e-05, 9.21256809e-05,
       9.74703520e-05, 9.22507076e-05, 9.14318827e-05, 8.71423204e-05,
       9.01091007e-05, 8.36507019e-05, 9.21997144e-05, 9.39989007e-05,
       9.57514424e-05, 9.25700380e-05, 9.16145668e-05, 8.80303754e-05,
       8.85298760e-05, 8.56412566e-05, 8.33866534e-05, 8.02081050e-05,
       8.32905241e-05, 8.50686415e-05, 8.23489428e-05, 9.28944555e-05,
       8.91025790e-05, 8.36165107e-05, 8.40194414e-05, 8.26666727e-05,
       8.36747937e-05, 8.44709337e-05, 8.68113821e-05, 9.43167872e-05,
       9.13268943e-05, 9.93314130e-05, 9.23392138e-05, 8.82499441e-05,
       9.16884576e-05, 9.01161570e-05, 9.16218717e-05, 9.12083498e-05,
       8.61339967e-05, 8.25172955e-05, 8.35688172e-05, 8.48580080e-05,
       8.78953657e-05, 8.84810921e-05, 8.64520119e-05, 9.16217154e-05,
       9.20964400e-05, 8.25923480e-05, 8.35258991e-05, 8.95545827e-05,
       8.34543036e-05, 8.11938094e-05, 8.85342071e-05, 8.94720185e-05,
       8.55669691e-05, 8.12370521e-05, 8.45909782e-05, 8.43050918e-05,
       8.72273350e-05, 8.62447508e-05, 8.07919484e-05, 8.51745794e-05,
       8.26473253e-05, 7.96707895e-05, 7.60024743e-05, 7.57147627e-05,
       8.50453157e-05, 8.06400597e-05, 7.77800635e-05, 7.43673884e-05,
       7.97055778e-05, 7.94702899e-05, 7.97792042e-05, 8.28992583e-05,
       8.00888183e-05, 8.50967500e-05, 8.86337883e-05, 7.97142416e-05,
       7.49337931e-05, 7.22488021e-05, 7.20269644e-05, 7.18566373e-05,
       7.22833706e-05, 6.88214381e-05, 7.43256617e-05, 7.65410153e-05,
       7.21855897e-05, 7.26815130e-05, 7.14598610e-05, 7.20669091e-05,
       6.89175282e-05, 7.38837857e-05, 7.51803051e-05, 8.04933949e-05,
       8.18840497e-05, 7.96245698e-05, 8.01728979e-05, 7.88476937e-05,
       7.11449548e-05, 7.43769018e-05, 7.48038593e-05, 7.66146939e-05,
       8.08121717e-05, 7.64212092e-05, 7.75223617e-05, 7.92202204e-05,
       7.88110642e-05, 7.11045275e-05, 7.49663008e-05, 7.73528206e-05,
       8.32267809e-05, 8.23001762e-05, 8.33703131e-05, 8.27122724e-05,
       7.38544096e-05, 7.25504610e-05, 7.73752155e-05, 7.73166966e-05,
       7.88815841e-05, 7.86998874e-05, 7.67529563e-05, 7.72165543e-05,
       8.05199242e-05, 7.98154364e-05, 8.10003245e-05, 7.59981868e-05,
       7.51076030e-05, 7.59667174e-05, 7.71177025e-05, 7.46104941e-05,
       7.56946798e-05, 7.53627242e-05, 7.27713282e-05, 7.53889557e-05,
       7.07764750e-05, 7.34872543e-05, 7.00396638e-05, 7.59132435e-05,
       6.97635516e-05, 7.60578682e-05, 7.61579309e-05, 7.54001639e-05,
       7.40225137e-05, 7.68588777e-05, 7.94503388e-05, 7.62917261e-05,
       7.29316221e-05, 7.41098859e-05, 7.24885295e-05, 7.01590796e-05,
       7.08667842e-05, 6.91361688e-05, 6.57859786e-05, 5.99181898e-05,
       6.35809554e-05, 6.61902044e-05, 6.65133490e-05, 6.86766814e-05,
       6.70265707e-05, 6.36327573e-05, 5.95816074e-05, 6.05457785e-05,
       6.50078292e-05, 6.41255674e-05, 6.53996559e-05, 6.85416339e-05,
       5.61726691e-05, 5.51465970e-05, 5.83625117e-05, 5.63427333e-05,
       5.63757760e-05, 5.96271824e-05, 5.83398950e-05, 5.68010321e-05,
       5.47911793e-05, 4.91428201e-05, 5.15848623e-05, 5.26626739e-05,
       5.74902063e-05, 5.38283883e-05, 5.79613651e-05, 5.88374173e-05,
       5.98634919e-05, 5.63608418e-05, 5.42946666e-05, 5.60203832e-05,
       5.70647626e-05, 5.41858590e-05, 5.66412909e-05, 5.41469761e-05,
       5.18135727e-05, 4.80981574e-05, 5.19175245e-05, 5.00689560e-05,
       5.02150978e-05, 5.18587549e-05, 5.17302096e-05, 5.06902287e-05,
       5.29524021e-05, 5.49244599e-05, 5.59150667e-05, 5.40371725e-05,
       5.08998963e-05, 5.29504732e-05, 5.44343993e-05, 5.31808361e-05,
       5.19817294e-05, 5.13882670e-05, 5.72348983e-05, 5.77474067e-05,
       5.39348038e-05, 5.77644994e-05, 5.65827110e-05, 5.51238229e-05,
       5.53117997e-05, 5.57884189e-05, 5.55269863e-05, 5.40338488e-05,
       5.24804611e-05, 5.61542052e-05, 5.62903865e-05, 5.53368600e-05,
       5.30560844e-05, 5.78566747e-05, 5.75961046e-05, 5.76063837e-05,
       5.41669207e-05, 5.23424920e-05, 4.72573432e-05, 5.05174246e-05,
       5.04163710e-05, 4.70638853e-05, 4.51037654e-05, 4.54299372e-05,
       4.30542295e-05, 4.24842428e-05, 4.36174061e-05, 4.17251239e-05,
       4.04684042e-05, 4.37522075e-05, 4.55627325e-05, 4.13374019e-05,
       4.30822578e-05, 4.26587970e-05, 4.32686665e-05, 4.28300931e-05,
       4.28778259e-05, 4.32060518e-05, 4.02649190e-05, 4.34786946e-05,
       4.46458589e-05, 4.24896069e-05, 4.36716073e-05, 4.00353611e-05,
       3.99651791e-05, 4.52408126e-05, 4.37083537e-05, 4.09002866e-05,
       4.71845363e-05, 4.57901199e-05, 4.48883492e-05, 5.17914681e-05,
       4.17731707e-05, 4.24674195e-05, 4.15196680e-05, 4.43107244e-05,
       4.48399811e-05, 4.34969218e-05, 4.22572321e-05, 4.24799335e-05,
       4.14639069e-05, 4.62176286e-05, 4.71749560e-05, 4.48443618e-05,
       4.99303619e-05, 4.93299465e-05, 4.56665704e-05, 4.57727647e-05,
       4.45487555e-05, 3.91675155e-05, 4.14821269e-05, 4.19681758e-05,
       4.05331325e-05, 4.27199892e-05, 4.82729868e-05, 4.74676544e-05,
       4.58733325e-05, 4.51200716e-05, 3.68217816e-05, 3.69891101e-05,
       4.07794680e-05, 4.11785597e-05, 3.99340682e-05, 4.12222496e-05,
       3.78757235e-05, 3.81188019e-05, 3.57354349e-05, 3.43438204e-05,
       3.66580446e-05, 3.52928826e-05, 3.12802485e-05, 3.02451363e-05,
       3.35893178e-05, 3.11376327e-05, 3.30948786e-05, 3.35709228e-05,
       3.22079190e-05, 3.14727644e-05, 3.57896786e-05, 3.51085343e-05,
       3.37272211e-05, 3.50216338e-05, 3.66255913e-05, 3.38250733e-05,
       3.01649312e-05, 2.89208165e-05, 2.95589916e-05, 3.28182831e-05,
       3.48176727e-05, 3.56199515e-05, 3.38976352e-05, 3.16211481e-05,
       3.22106868e-05, 3.33205447e-05, 2.99438577e-05, 3.00208307e-05,
       2.65505602e-05, 3.09487251e-05, 3.08049994e-05, 3.11094455e-05,
       3.29092768e-05, 3.16567602e-05, 3.36036045e-05, 3.53602041e-05,
       3.43094158e-05, 3.34450705e-05, 3.41222447e-05, 3.33217923e-05,
       3.13614737e-05, 3.03841792e-05, 2.90842344e-05, 3.01358952e-05,
       3.07939778e-05, 2.94030929e-05, 3.26935615e-05, 3.62690705e-05,
       3.50412903e-05, 3.51798884e-05, 3.66688484e-05, 3.46959749e-05,
       3.22254600e-05, 3.17447628e-05, 3.71476235e-05, 3.85399041e-05,
       3.41977856e-05, 3.34574483e-05, 3.32558286e-05, 2.95423785e-05,
       2.72603874e-05, 3.35737545e-05, 3.28188815e-05, 3.53279709e-05,
       3.40180190e-05, 3.27937867e-05, 3.12824035e-05, 2.95947852e-05,
       3.02698353e-05, 2.65943809e-05, 2.63847395e-05, 2.50447410e-05,
       2.64232757e-05, 2.69359141e-05, 2.72445306e-05, 2.86339478e-05,
       2.74269717e-05, 3.00968296e-05, 2.93110736e-05, 2.98060734e-05,
       3.27924391e-05, 3.15925444e-05, 3.34778264e-05, 3.29848331e-05,
       3.36137608e-05, 3.12001301e-05, 2.74672866e-05, 3.27726180e-05,
       3.16337978e-05, 3.19676617e-05, 3.05561685e-05, 2.96401130e-05,
       2.75479891e-05, 2.99183502e-05, 2.91417931e-05, 2.50629667e-05,
       2.87446580e-05, 2.68457997e-05, 3.05844645e-05, 3.14556926e-05,
       2.94434568e-05, 3.36436970e-05, 3.09214585e-05, 2.93748584e-05,
       2.64696339e-05, 2.61934556e-05, 2.97787392e-05, 2.99511447e-05,
       2.73431663e-05, 2.92688274e-05, 2.58284944e-05, 3.06298377e-05,
       2.91024817e-05, 2.70179246e-05, 2.44031249e-05, 2.31725684e-05,
       2.45572896e-05, 2.35268975e-05, 2.25750559e-05, 2.17271697e-05,
       2.16314815e-05, 2.12012493e-05, 2.26620860e-05, 2.33322040e-05,
       2.38277927e-05, 2.12152852e-05, 2.29990557e-05, 2.27292552e-05,
       2.67521037e-05, 2.74485769e-05, 2.45001227e-05, 2.41375931e-05,
       2.46694884e-05, 2.43807964e-05, 2.35538980e-05, 2.29965026e-05,
       2.68081611e-05, 2.37164668e-05, 2.33983852e-05, 2.67697719e-05,
       2.50261612e-05, 2.42629105e-05, 2.44038996e-05, 2.23088109e-05,
       2.22876529e-05, 2.10788558e-05, 1.97661185e-05, 2.28494934e-05,
       2.40621784e-05, 2.52748411e-05, 2.82848856e-05, 2.53735410e-05,
       2.39839465e-05, 2.34501013e-05, 2.24333170e-05, 2.62503709e-05,
       2.39532222e-05, 2.65141810e-05, 2.87810604e-05, 2.73464877e-05,
       2.84501052e-05, 2.59468473e-05, 2.59637499e-05, 2.67861344e-05,
       2.59027258e-05, 2.63594945e-05, 2.89682719e-05, 3.00599113e-05,
       2.75971124e-05, 2.56919174e-05, 2.34489853e-05, 2.48308333e-05,
       2.41050664e-05, 2.22351476e-05, 2.20960282e-05, 2.25884380e-05,
       2.59379801e-05, 2.79154242e-05, 2.86635279e-05, 2.49987512e-05,
       2.41515954e-05, 2.31660979e-05, 2.35093334e-05, 2.49006700e-05,
       2.10723172e-05, 2.15485149e-05, 2.05271373e-05, 1.96720172e-05,
       2.01802316e-05, 2.02692885e-05, 2.11009036e-05, 1.78485207e-05,
       1.86544492e-05, 1.91149537e-05, 2.05701480e-05, 1.74466408e-05,
       1.98463995e-05, 2.01995737e-05, 1.66238648e-05, 1.72626704e-05,
       1.79144090e-05, 2.00406361e-05, 2.13611212e-05, 2.06305578e-05,
       2.10924607e-05, 2.16650281e-05, 2.32795709e-05, 2.44916610e-05,
       2.63603038e-05, 2.75744558e-05, 2.66063806e-05, 2.58771263e-05,
       2.33786758e-05, 2.35478502e-05, 2.36346815e-05, 2.50571671e-05,
       2.16968373e-05, 2.08776182e-05, 2.00189337e-05, 2.12483859e-05,
       2.20888251e-05, 1.87552979e-05, 1.70123107e-05, 2.11043896e-05,
       2.09447587e-05, 1.89433851e-05, 1.84808415e-05, 1.85120014e-05,
       1.95992169e-05, 1.74134898e-05, 1.70937207e-05, 1.90351155e-05,
       1.65537008e-05, 1.95595446e-05, 1.83031719e-05, 1.80185001e-05,
       1.56159650e-05, 1.61025216e-05, 1.81141596e-05, 1.49800286e-05,
       1.59537044e-05, 1.90470630e-05, 1.88228217e-05, 1.81521895e-05,
       2.02479279e-05, 1.85595456e-05, 1.86330978e-05, 1.90688443e-05,
       1.94421046e-05, 1.88262698e-05, 1.87815750e-05, 1.65667768e-05,
       1.53088859e-05, 1.35076886e-05, 1.26963339e-05, 1.16963009e-05,
       1.22650504e-05, 1.09494411e-05, 1.31227743e-05, 1.05219560e-05,
       1.04188466e-05, 1.21150336e-05, 1.41211441e-05, 1.21567776e-05,
       1.22800933e-05, 1.37569496e-05, 1.16031093e-05, 1.24017180e-05,
       1.22270549e-05, 1.16413243e-05, 1.04981329e-05, 1.03198758e-05,
       9.74177995e-06, 8.95595065e-06, 8.29914608e-06, 9.81717643e-06,
       9.32690139e-06, 8.71105924e-06, 9.91837158e-06, 8.76413074e-06,
       1.01576021e-05, 8.67906094e-06, 1.00126486e-05, 1.02373744e-05,
       1.19977036e-05, 1.25705863e-05, 1.24570757e-05, 1.42680282e-05,
       1.20169433e-05, 1.04643178e-05, 9.41511908e-06, 9.94415770e-06,
       8.09653269e-06, 6.58416054e-06, 7.97062356e-06, 7.41147072e-06,
       8.61953017e-06, 1.08542634e-05, 9.27399921e-06, 1.00012241e-05,
       1.01071221e-05, 1.08994534e-05, 9.74558074e-06, 1.02007216e-05,
       9.28316847e-06, 7.31996605e-06, 8.95628360e-06, 9.17061835e-06,
       1.02687246e-05, 9.67737537e-06, 8.66699493e-06, 1.01003875e-05,
       9.59696462e-06, 9.06526376e-06, 1.03756586e-05, 1.19520573e-05,
       1.01279788e-05, 8.99921317e-06, 8.89749275e-06, 1.00948142e-05,
       8.86637022e-06, 7.89190103e-06, 8.44053873e-06, 8.65653960e-06,
       8.99271715e-06, 9.05823575e-06, 9.79618367e-06, 7.95754022e-06,
       8.32418763e-06, 8.67969623e-06, 9.80369380e-06, 1.12892241e-05,
       1.08041048e-05, 1.06806512e-05, 9.25539012e-06, 9.58037820e-06,
       8.25431470e-06, 8.84605350e-06, 8.31610826e-06, 7.89505505e-06,
       1.07310419e-05, 9.51770797e-06, 7.78145039e-06, 8.80895173e-06,
       6.25747524e-06, 6.26690312e-06, 5.75514376e-06, 6.93770964e-06,
       7.58800233e-06, 6.45839644e-06, 6.24452952e-06, 8.21122078e-06,
       7.63609741e-06, 7.27720586e-06, 7.78044805e-06, 7.16411492e-06,
       7.56076894e-06, 7.20693534e-06, 6.68948196e-06, 7.06484459e-06,
       6.55365342e-06, 6.61232456e-06, 6.63291145e-06, 6.92032386e-06,
       6.44943545e-06, 7.32506342e-06, 7.47089329e-06, 5.76248365e-06,
       5.10749859e-06, 6.16010752e-06, 5.76155435e-06, 5.30959845e-06,
       5.48794197e-06, 5.42954575e-06, 6.58083609e-06, 5.51935840e-06,
       5.79777017e-06, 5.15547627e-06, 5.12448077e-06, 4.99079912e-06,
       5.81257680e-06, 6.97754009e-06, 7.94836030e-06, 6.55249556e-06,
       6.09551661e-06, 5.13792412e-06, 5.72556365e-06, 5.24450750e-06,
       6.07372650e-06, 5.39966847e-06, 5.39189066e-06, 6.14992503e-06,
       6.77961745e-06, 6.93853998e-06, 7.62152555e-06, 7.15808585e-06,
       6.16737887e-06, 6.44948747e-06, 6.34984011e-06, 7.42133371e-06,
       8.69679759e-06, 8.19400368e-06, 7.65084669e-06, 7.45870683e-06,
       8.00844809e-06, 8.19498944e-06, 6.88081870e-06, 7.50178354e-06,
       6.82389565e-06, 7.10525549e-06, 7.57692545e-06, 6.12886445e-06,
       6.62200280e-06, 6.04454207e-06, 4.99497051e-06, 5.76022175e-06,
       4.58206485e-06, 5.30096601e-06, 5.86636914e-06, 7.23996429e-06,
       6.11779961e-06, 7.05152779e-06, 5.89446466e-06, 6.19494497e-06,
       5.06044283e-06, 4.59823621e-06, 4.90358299e-06, 5.10304072e-06,
       4.78363534e-06, 4.61188529e-06, 4.61990965e-06, 4.06558941e-06,
       3.08307488e-06, 2.73473294e-06, 3.85314839e-06, 3.17716027e-06,
       3.26133818e-06, 3.69214245e-06, 2.84147639e-06, 3.84652860e-06,
       3.65355147e-06, 3.93345127e-06, 4.96394086e-06, 5.87121567e-06,
       4.80391847e-06, 4.24602343e-06, 4.27677722e-06, 4.18111544e-06,
       5.76899770e-06, 5.19345067e-06, 4.39574009e-06, 4.92045673e-06,
       4.03445384e-06, 4.40513247e-06, 5.29305601e-06, 5.86408180e-06,
       5.39605493e-06, 5.43853443e-06, 5.30042553e-06, 4.84766025e-06,
       4.24751199e-06, 4.84236735e-06, 4.11067713e-06, 5.16422202e-06,
       4.73296287e-06, 3.71191696e-06, 3.76905574e-06, 3.68422411e-06,
       5.24675067e-06, 4.92450152e-06, 4.23808441e-06, 3.60484982e-06,
       4.00882950e-06, 3.75969660e-06, 5.39819095e-06, 5.23995373e-06,
       6.56200137e-06, 5.78978351e-06, 4.76213011e-06, 3.96143663e-06,
       4.24872911e-06, 3.88041417e-06, 3.10440024e-06, 3.20017067e-06,
       3.49434684e-06, 2.69319354e-06, 3.06462376e-06, 4.71414273e-06,
       5.78102606e-06, 6.17565181e-06, 6.72495077e-06, 6.91889772e-06,
       5.99592238e-06, 6.53261316e-06, 5.94160839e-06, 5.81669134e-06,
       4.59722394e-06, 5.25954465e-06, 6.56646013e-06, 5.89529470e-06,
       4.96616155e-06, 4.00724997e-06, 3.16524024e-06, 4.68232930e-06,
       5.15757819e-06, 3.85815603e-06, 3.24130199e-06, 5.09527472e-06,
       6.51859802e-06, 4.95955509e-06, 3.88353588e-06, 4.05317094e-06,
       4.09654691e-06, 2.80503202e-06, 3.70047211e-06, 3.65595083e-06,
       3.11755483e-06, 3.37383618e-06, 4.17229123e-06, 3.73726098e-06,
       3.82823452e-06, 4.57646181e-06, 3.73115667e-06, 3.49983188e-06,
       3.04556821e-06, 4.24566775e-06, 5.29279015e-06, 6.47488529e-06,
       6.05743440e-06, 6.13483820e-06, 5.23153971e-06, 3.98740250e-06,
       2.95508433e-06, 3.94666343e-06, 3.39829964e-06, 4.83495845e-06,
       5.23303463e-06, 4.75242803e-06, 5.49061401e-06, 6.80815218e-06,
       6.15178153e-06, 5.26099999e-06, 4.58902142e-06, 4.81628641e-06,
       4.72728560e-06, 4.16121908e-06, 3.94770927e-06, 3.26838852e-06,
       3.03390925e-06, 3.11484633e-06, 3.60991908e-06, 4.77672193e-06,
       4.83854910e-06, 5.05111878e-06, 3.76264615e-06, 2.74878623e-06,
       3.24946316e-06, 3.91558216e-06, 3.36563863e-06, 4.07950457e-06,
       3.37233957e-06, 2.08093245e-06, 2.54223660e-06, 3.57898655e-06,
       3.92973758e-06, 3.30595637e-06, 2.36656260e-06, 3.04652315e-06,
       3.05100682e-06, 3.10293020e-06, 3.33005094e-06, 2.89399510e-06,
       4.13352773e-06, 4.66024066e-06, 3.97615008e-06, 3.55678560e-06,
       3.36350511e-06, 3.35157220e-06, 3.24222992e-06, 2.32573135e-06,
       2.12013976e-06, 2.38803172e-06, 2.06316965e-06, 1.45603124e-06,
       1.85907911e-06, 2.70072110e-06, 2.45892637e-06, 2.65263950e-06,
       2.60354948e-06, 3.97948358e-06, 4.63744009e-06, 3.46443801e-06,
       2.80093984e-06, 4.71888929e-06, 5.09411354e-06, 4.61230700e-06,
       4.49816779e-06, 4.14874698e-06, 4.61615979e-06, 3.98093493e-06,
       3.89850099e-06, 4.66324578e-06, 4.01398240e-06, 3.65337546e-06,
       3.33501246e-06, 3.70431881e-06, 2.95359081e-06, 3.55676288e-06,
       3.31753080e-06, 2.84481050e-06, 2.75133964e-06, 2.62440777e-06,
       3.11159899e-06, 1.66932526e-06, 1.88173853e-06, 2.25179615e-06,
       2.39564568e-06, 2.84836217e-06, 2.58746983e-06, 2.30970891e-06,
       1.58511266e-06, 1.50956042e-06, 1.59948104e-06, 1.00389222e-06,
       1.66120243e-06, 2.06506906e-06, 2.02589471e-06, 1.84014739e-06,
       1.79814607e-06, 2.41229386e-06, 3.79839168e-06, 2.93087607e-06,
       2.49857073e-06, 2.55180458e-06, 2.38639846e-06, 2.32820963e-06,
       3.00334360e-06, 2.77681021e-06, 3.54690197e-06, 2.94324449e-06,
       3.11411151e-06, 3.31464976e-06, 3.40301457e-06, 4.74742745e-06,
       4.39083955e-06, 2.77982603e-06, 2.77949158e-06, 2.46653253e-06,
       2.30334522e-06, 2.53993129e-06, 2.36881937e-06, 2.04114198e-06,
       2.95193432e-06, 2.86607664e-06, 2.22729720e-06, 2.50947750e-06,
       2.10565061e-06, 2.96530122e-06, 2.56814415e-06, 2.29912979e-06,
       2.32841244e-06, 3.51522879e-06, 3.32621120e-06, 3.05703146e-06,
       3.27889858e-06, 3.17052248e-06, 3.23993786e-06, 3.39886825e-06,
       1.99761495e-06, 1.71381949e-06, 1.95547430e-06, 2.10226817e-06,
       2.59302830e-06, 1.94794883e-06, 1.65474336e-06, 1.98850398e-06,
       2.16597726e-06, 1.61106864e-06, 1.24548723e-06, 2.73460535e-06,
       2.90178729e-06, 3.19593659e-06, 2.27965233e-06, 1.64905599e-06,
       1.63541693e-06, 1.95758915e-06, 1.50521303e-06, 1.27549362e-06,
       2.24904338e-06, 1.97204329e-06, 2.48120004e-06, 1.81967441e-06,
       1.90284779e-06, 1.92465724e-06, 2.55063349e-06, 1.53578468e-06,
       2.11620937e-06, 2.34822960e-06, 2.50519249e-06, 3.32961247e-06,
       2.36419743e-06, 2.46438509e-06, 2.01022507e-06, 1.55433021e-06,
       2.20493302e-06, 1.59511262e-06, 1.72279414e-06, 1.49023717e-06,
       1.93638496e-06, 1.15252757e-06, 1.69760023e-06, 1.91755714e-06,
       1.79083491e-06, 1.86816581e-06, 1.91267172e-06, 3.20703582e-06,
       2.20962476e-06, 3.38640748e-06, 4.34083784e-06, 4.42222092e-06,
       3.18086423e-06, 3.64856421e-06, 3.58667913e-06, 2.93217244e-06,
       2.15566967e-06, 1.76705096e-06, 1.26334821e-06, 1.51362307e-06,
       1.64662519e-06, 1.81711351e-06, 1.49186766e-06, 1.83279050e-06,
       1.86085544e-06, 1.94167522e-06, 2.50109834e-06, 3.37080079e-06,
       1.72655972e-06, 2.34656119e-06, 2.64060093e-06, 3.08083806e-06,
       2.98880202e-06, 1.45502405e-06, 1.57134903e-06, 1.03003254e-06,
       1.48476920e-06, 2.45218574e-06, 2.50807606e-06, 2.99127499e-06,
       1.35969863e-06, 1.24272251e-06, 1.87800316e-06, 1.90481245e-06,
       1.49033049e-06, 1.43506498e-06, 7.87804190e-07, 1.38910693e-06,
       9.64536075e-07, 1.21066412e-06, 1.54681449e-06, 9.50767130e-07,
       1.27485003e-06, 1.47621287e-06, 2.37047335e-06, 1.73325194e-06,
       1.91971471e-06, 2.22294687e-06, 2.04449514e-06, 1.73996100e-06,
       1.25541834e-06, 1.07016422e-06, 1.73321640e-06, 1.99512255e-06,
       2.25748108e-06, 2.56062065e-06, 1.92716253e-06, 1.04999585e-06,
       1.25216233e-06, 1.19561809e-06, 2.03304385e-06, 1.54907962e-06,
       1.86256498e-06, 2.36270966e-06, 2.23275968e-06, 1.63967838e-06,
       1.72734524e-06, 1.90350398e-06, 1.56431117e-06, 1.60901866e-06,
       1.56356410e-06, 1.90607158e-06, 1.40433297e-06, 1.85450686e-06,
       2.11531517e-06, 1.19409604e-06, 1.32356286e-06, 1.07378289e-06,
       9.66316220e-07, 1.46779649e-06, 1.50111801e-06, 1.21066839e-06,
       1.15708723e-06, 1.17094391e-06, 1.20251240e-06, 1.21117206e-06,
       1.10393973e-06, 1.14795282e-06, 1.35890104e-06, 1.28296857e-06,
       1.15575429e-06, 1.22041468e-06, 8.87602153e-07, 1.26346908e-06,
       1.73463498e-06, 2.01946397e-06, 2.19825131e-06, 1.17415516e-06,
       2.09744172e-06, 2.16287895e-06, 1.72358578e-06, 1.00082608e-06,
       9.40767020e-07, 6.08347452e-07, 7.79177154e-07, 8.64091508e-07,
       6.18743371e-07, 8.12192421e-07, 1.00710548e-06, 8.74322378e-07,
       7.89698780e-07, 8.05084009e-07, 8.40238285e-07, 7.46345295e-07,
       7.88955185e-07, 1.05497304e-06, 8.85994409e-07, 9.18015656e-07,
       1.28241530e-06, 6.70639560e-07, 4.96792565e-07, 8.52945716e-07,
       9.91999506e-07, 1.37748044e-06, 8.60741367e-07, 9.01020580e-07,
       4.15741893e-07, 2.79023990e-07, 7.06032136e-07, 6.86769948e-07,
       4.61031095e-07, 5.39691510e-07, 5.77274238e-07, 6.58022676e-07,
       9.14216047e-07, 1.27922736e-06, 1.45054025e-06, 9.54942550e-07,
       8.70510070e-07, 1.19258216e-06, 1.21027665e-06, 8.84741219e-07,
       1.90676802e-06, 2.14242918e-06, 6.64415332e-07, 6.07746307e-07,
       6.51774962e-07, 5.28734816e-07, 7.84619397e-07, 9.08362479e-07,
       1.61404159e-06, 1.31349084e-06, 1.02442591e-06, 1.10524850e-06,
       1.18828657e-06, 1.54065959e-06, 1.78521006e-06, 1.35844745e-06,
       1.36321726e-06, 1.39414326e-06, 1.37513967e-06, 6.72783089e-07,
       1.08647324e-06, 1.66561730e-06, 1.35948622e-06, 1.20620500e-06,
       9.02439661e-07, 1.29521520e-06, 1.14105411e-06, 1.25770477e-06,
       1.93443712e-06, 1.65835652e-06, 1.94723627e-06, 1.18496121e-06,
       9.23229464e-07, 1.10692709e-06, 1.92719867e-06, 1.67244832e-06,
       1.37662276e-06, 9.05165996e-07, 1.55792596e-06, 7.59277381e-07,
       7.69443056e-07, 1.04594320e-06, 9.62058975e-07, 8.87927766e-07,
       1.22761364e-06, 1.59961000e-06, 1.96041412e-06, 1.64894274e-06,
       1.93815694e-06, 1.96763667e-06, 1.85967394e-06, 1.46082135e-06,
       1.55484718e-06, 1.39590429e-06, 1.82905162e-06, 1.90379483e-06,
       1.28601078e-06, 1.38568319e-06, 1.75791967e-06, 2.17571555e-06,
       2.63540744e-06, 1.98602692e-06, 8.98845018e-07, 1.17999708e-06,
       1.16190083e-06, 1.22673387e-06, 1.43208322e-06, 1.28176811e-06,
       1.84444014e-06, 1.47172648e-06, 5.67846793e-07, 5.24913914e-07,
       1.14688549e-06, 6.83602849e-07, 5.26998175e-07, 8.90850373e-07,
       8.74905323e-07, 9.25638440e-07, 1.03888456e-06, 9.98045021e-07,
       9.62228084e-07, 1.00506693e-06, 1.11296575e-06, 1.47579836e-06,
       1.54335114e-06, 1.29896101e-06, 9.51287673e-07, 7.81667084e-07,
       4.51971105e-07, 6.08716141e-07, 6.61358876e-07, 8.94598451e-07,
       8.28072639e-07, 7.25157223e-07, 8.49681250e-07, 9.52429591e-07,
       6.34499165e-07, 4.17002876e-07, 7.43888539e-07, 7.74749829e-07,
       8.53260821e-07, 7.09943296e-07, 9.78229768e-07, 7.46911815e-07,
       1.02618866e-06, 1.03377989e-06, 1.55957043e-06, 1.53743056e-06,
       1.23890093e-06, 7.46558001e-07, 1.23948077e-06, 9.43288039e-07,
       1.24380003e-06, 6.00497093e-07, 6.76590954e-07, 8.46660014e-07,
       8.87459851e-07, 1.27719374e-06, 1.78105039e-06, 1.27317146e-06,
       1.32586607e-06, 7.29117657e-07, 6.98300475e-07, 6.33243694e-07,
       5.27553350e-07, 3.09991886e-07, 5.74027897e-07, 8.68124841e-07,
       9.45182746e-07, 8.86984420e-07, 7.60593769e-07, 9.84374991e-07,
       7.93339210e-07, 8.17629134e-07, 7.79819910e-07, 6.56322279e-07,
       7.78372084e-07, 9.28195866e-07, 8.05061973e-07, 9.82926416e-07,
       1.16657557e-06, 7.99264868e-07, 6.60700853e-07, 8.63065950e-07,
       6.43920439e-07, 7.04958633e-07, 1.38851944e-06, 1.20141627e-06,
       1.09099841e-06, 9.00907826e-07, 7.29394789e-07, 8.62527607e-07,
       1.47689741e-06, 1.01397465e-06, 8.30697914e-07, 5.02923633e-07,
       1.61579721e-07, 4.42177650e-07, 5.40298554e-07, 1.21981791e-06,
       1.16579796e-06, 5.05770415e-07, 5.42144382e-07, 4.37715300e-07,
       5.82642442e-07, 6.20051086e-07, 9.89268682e-07, 1.03022393e-06,
       9.79971676e-07, 2.07006351e-06, 1.50234742e-06, 1.19078003e-06,
       9.26700866e-07, 9.45055337e-07, 9.40369533e-07, 1.01018619e-06,
       1.62911526e-06, 1.10184109e-06, 1.45144873e-06, 1.77248297e-06,
       1.39521598e-06, 2.19644469e-06, 1.22391644e-06, 2.29927012e-06,
       1.20188312e-06, 1.51760112e-06, 1.57044340e-06, 8.48980186e-07,
       8.97063551e-07, 7.49143773e-07, 1.03168854e-06, 7.17433057e-07,
       1.05990914e-06, 9.63315750e-07, 9.23241427e-07, 6.74413721e-07,
       7.81019170e-07, 1.27115387e-06, 6.13185659e-07, 8.84269490e-07,
       7.74939018e-07, 7.89764839e-07, 1.51165731e-06, 1.50053563e-06,
       8.03184105e-07, 1.02355087e-06, 1.35378314e-06, 8.33833950e-07,
       7.73792580e-07, 9.71027822e-07, 6.47238437e-07, 6.49510970e-07,
       4.30605069e-07, 3.84707999e-07, 1.94264602e-07, 4.49490346e-07,
       3.38824714e-07, 6.66772166e-07, 2.73162266e-07, 6.57283073e-08,
       3.46830356e-07, 4.37976847e-07, 2.93196106e-07, 6.53250677e-07,
       2.95022668e-07, 3.88378044e-07, 5.60000526e-07, 5.87685320e-07,
       5.99487056e-07, 2.69036774e-07, 1.35225772e-07, 6.95462479e-08,
       2.46763751e-07, 4.34271614e-07, 4.45895562e-07, 6.34186624e-07,
       3.21151336e-07, 3.33944399e-07, 6.44498146e-07, 1.16447768e-06,
       1.38397670e-06, 1.18504159e-06, 2.15447279e-06, 2.12335009e-06,
       1.94234466e-06, 2.04765160e-06, 1.46364431e-06, 2.03757782e-06,
       1.90937982e-06, 1.43337012e-06, 1.64399277e-06, 1.77058563e-06,
       1.38089084e-06, 9.92296979e-07, 4.50095326e-07, 7.41972640e-07,
       3.02598427e-07, 3.85478990e-07, 5.32491191e-07, 6.08500730e-07,
       1.13193571e-06, 6.82671104e-07, 1.19880875e-06, 8.90227569e-07,
       3.54716178e-07, 5.27455064e-07, 2.50066824e-07, 4.21452440e-07,
       4.18903288e-07, 5.54287164e-07, 5.78418667e-07, 8.23641859e-07,
       4.56382487e-07, 4.49816951e-07, 3.58554215e-07, 5.69692689e-07,
       4.21366284e-07, 7.61898169e-07, 4.45921152e-07, 3.38345666e-07,
       1.04996342e-06, 9.87821665e-07, 1.21330759e-06, 1.09303450e-06,
       1.07679875e-06, 1.59358419e-06, 1.05539935e-06, 7.25085079e-07,
       4.54313797e-07, 3.96879575e-07, 7.83177670e-07, 2.07040377e-07,
       1.58607869e-07, 2.20237475e-07, 2.69715466e-07, 2.95489190e-07,
       1.64221083e-07, 7.70821642e-08, 1.11082059e-07, 3.95653561e-07,
       4.01896472e-07, 2.05033320e-07, 2.49552789e-07, 2.56583589e-07,
       1.88589036e-07, 2.37350922e-07, 3.30117995e-07, 5.14635537e-07,
       6.89636468e-07, 3.66586156e-07, 4.21849998e-07, 1.39221226e-07,
       3.87262731e-08, 1.44471703e-07, 3.03570547e-07, 1.75419151e-07,
       1.28820626e-07, 9.46467584e-08, 5.06788236e-08, 1.01512150e-07,
       6.27071417e-08, 2.47217959e-07, 2.90689814e-07, 7.26901813e-07,
       7.39479466e-07, 3.69661045e-07, 3.50711632e-07, 1.80118103e-07,
       2.10526990e-07, 1.53165609e-07, 6.67525998e-08, 3.82941346e-08,
       5.34733665e-08, 1.58835502e-07, 6.15623604e-07, 5.99039751e-07,
       5.15720513e-07, 6.28003591e-07, 2.36618604e-07, 4.10857215e-07,
       4.17967812e-07, 1.44688751e-07, 9.26699645e-08, 8.70177877e-08,
       3.16170139e-07, 1.79726488e-07, 1.46946480e-07, 1.94657472e-07,
       2.41803658e-07, 6.22525663e-08, 9.67571081e-08, 7.97105640e-08,
       2.37412551e-07, 2.96836833e-07, 1.73531901e-07, 3.97937888e-07,
       3.11901610e-07, 2.53486599e-07, 2.97260071e-07, 1.49864863e-07,
       2.43256703e-07, 3.18344048e-07, 2.53942823e-07, 1.73217443e-07,
       3.50020960e-07, 5.66490383e-07, 4.47449214e-07, 3.77571564e-07,
       1.67574558e-07, 1.52479817e-07, 1.76026636e-07, 8.64259897e-08,
       3.02454941e-07, 3.26040258e-08, 1.70255903e-08, 2.54440553e-08,
       8.20247946e-08, 1.25294901e-07, 1.27686048e-07, 1.66844288e-07,
       2.58104038e-07, 1.85659358e-07, 1.69570826e-07, 2.80509183e-07,
       1.31084908e-07, 7.59258709e-08, 4.15222548e-07, 2.40064135e-07,
       2.05207630e-07, 1.87170945e-07, 9.51447188e-08]), array([7.84021730e-04, 2.07521323e-03, 1.76007397e-03, 3.24794537e-03,
       4.29447704e-03, 6.65143002e-03, 1.02401104e-02, 1.47739420e-02,
       1.18832153e-02, 1.66746698e-02, 2.44581851e-02, 1.92230757e-02,
       2.57456362e-02, 1.67404779e-02, 1.33585314e-02, 1.57479675e-02,
       9.02927685e-03, 9.62088232e-03, 7.11150317e-03, 5.41237394e-03,
       4.69778021e-03, 3.80405392e-03, 3.15515923e-03, 3.46250886e-03,
       3.93704454e-03, 4.80906394e-03, 6.29500919e-03, 5.87235820e-03,
       7.99551679e-03, 1.25922004e-02, 1.64847654e-02, 2.42837875e-02,
       3.13903691e-02, 3.71209250e-02, 3.56185791e-02, 3.58492042e-02,
       2.93127049e-02, 2.37141305e-02, 2.04012384e-02, 1.56203071e-02,
       1.31738770e-02, 1.08534678e-02, 9.21411212e-03, 8.25248822e-03,
       7.24268760e-03, 6.68443897e-03, 5.35935111e-03, 4.43329184e-03,
       4.35788069e-03, 1.69607825e-02, 2.30760175e-01, 1.88403300e-02,
       1.14983487e-02, 1.19360638e-02, 1.13029835e-02, 1.09651469e-02,
       1.02174624e-02, 1.00959951e-02, 9.65934458e-03, 9.22268772e-03,
       8.26753256e-03, 7.44594337e-03, 6.08225522e-03, 4.31295949e-03,
       3.14715776e-03, 2.06691272e-03, 1.24733924e-03, 6.46448484e-04,
       3.14569444e-04, 1.08767584e-04, 4.32768136e-05, 1.88636476e-05,
       9.98176999e-06, 7.35991199e-06])]
---

4
---
[[[np.float64(39.87465423138387), np.float64(0.5073130214786504)], [np.float64(33.03024693662845), np.float64(0.07277575561240494)], [np.float64(0.7104711526079237), np.float64(0.03630384411404706)]], array([4.28319005e-01, 3.41402301e-03, 3.06274523e-03, 2.83369008e-03,
       2.99717532e-03, 3.09108197e-03, 2.98587946e-03, 2.52550690e-03,
       2.38823093e-03, 3.09465153e-03, 2.37894442e-03, 2.56247500e-03,
       2.61328183e-03, 2.50378768e-03, 2.26634218e-03, 2.27082738e-03,
       2.31816661e-03, 2.51791050e-03, 2.27285084e-03, 2.45673378e-03,
       2.26462746e-03, 2.44355558e-03, 2.37886003e-03, 2.13159131e-03,
       2.26930898e-03, 2.21375207e-03, 2.06417925e-03, 2.22021386e-03,
       1.93414054e-03, 1.78838811e-03, 1.86733389e-03, 1.88829747e-03,
       1.89372205e-03, 1.85412955e-03, 1.90474603e-03, 1.84714879e-03,
       1.71917478e-03, 1.81696126e-03, 1.79680082e-03, 1.81201083e-03,
       1.73847518e-03, 1.71379873e-03, 1.62644817e-03, 1.84217640e-03,
       1.77014801e-03, 1.67065082e-03, 1.68138965e-03, 1.64631366e-03,
       1.61160493e-03, 1.70521004e-03, 1.63301970e-03, 1.53807702e-03,
       1.60531648e-03, 1.52530760e-03, 1.51127741e-03, 1.51648559e-03,
       1.53958765e-03, 1.43073785e-03, 1.41202780e-03, 1.36470104e-03,
       1.46822404e-03, 1.39452105e-03, 1.41840204e-03, 1.48237425e-03,
       1.45479179e-03, 1.46164821e-03, 1.51184612e-03, 1.37890951e-03,
       1.30598763e-03, 1.37174350e-03, 1.40043415e-03, 1.30165058e-03,
       1.32773506e-03, 1.29274463e-03, 1.38472110e-03, 1.29271148e-03,
       1.27858309e-03, 1.25109128e-03, 1.23332745e-03, 1.22706719e-03,
       1.29935226e-03, 1.22726481e-03, 1.23856413e-03, 1.14818939e-03,
       1.17980679e-03, 1.15951733e-03, 1.17891041e-03, 1.11639568e-03,
       1.14941007e-03, 1.12592525e-03, 1.15904411e-03, 1.16114613e-03,
       1.14466033e-03, 1.14319049e-03, 1.07350200e-03, 1.05227430e-03,
       1.07858218e-03, 1.03814432e-03, 1.06254499e-03, 1.05455090e-03,
       1.10433263e-03, 1.07320988e-03, 1.08773326e-03, 9.68645003e-04,
       9.58410805e-04, 1.00055486e-03, 9.61591950e-04, 1.04403798e-03,
       9.84634726e-04, 1.00025847e-03, 9.70351385e-04, 9.78748588e-04,
       9.93000236e-04, 9.50144959e-04, 8.80245137e-04, 9.48528025e-04,
       9.28312527e-04, 8.95688202e-04, 8.75338138e-04, 9.18043895e-04,
       9.49418756e-04, 9.40344508e-04, 9.57372116e-04, 9.47284365e-04,
       9.16689309e-04, 8.98169020e-04, 8.73681264e-04, 8.83720638e-04,
       9.17817191e-04, 8.72814140e-04, 8.83264239e-04, 8.87367681e-04,
       8.31471638e-04, 8.45594547e-04, 8.20335920e-04, 8.38797928e-04,
       8.31236575e-04, 8.51903980e-04, 8.91160305e-04, 8.91609922e-04,
       8.55185919e-04, 8.38398020e-04, 8.10726276e-04, 8.07396895e-04,
       7.78645253e-04, 7.89992529e-04, 7.82036414e-04, 8.38304680e-04,
       8.12474561e-04, 7.50142402e-04, 8.08395211e-04, 7.57449117e-04,
       7.18211810e-04, 6.97516656e-04, 7.16557578e-04, 6.78993284e-04,
       7.31080259e-04, 6.95846632e-04, 7.12031028e-04, 6.86646394e-04,
       6.65460919e-04, 6.83217174e-04, 7.07876572e-04, 6.80389871e-04,
       6.83300141e-04, 6.73371262e-04, 6.36857507e-04, 6.62972350e-04,
       6.57198537e-04, 6.64326014e-04, 7.06142831e-04, 7.12838432e-04,
       7.23854731e-04, 6.99836130e-04, 7.05316815e-04, 6.72687769e-04,
       6.58050012e-04, 6.53316520e-04, 6.05183286e-04, 6.34395735e-04,
       6.19347654e-04, 6.20982285e-04, 6.19442054e-04, 6.20995448e-04,
       6.25567378e-04, 5.78434983e-04, 6.06502998e-04, 5.94073904e-04,
       5.77005675e-04, 5.62197669e-04, 6.06605202e-04, 5.39930744e-04,
       5.94125819e-04, 5.78063651e-04, 5.49248478e-04, 5.46823395e-04,
       5.54193205e-04, 5.59988145e-04, 5.44795312e-04, 5.42718397e-04,
       5.62168747e-04, 5.34381624e-04, 5.19273312e-04, 5.11677108e-04,
       4.82243690e-04, 5.21224421e-04, 5.24362836e-04, 5.05657704e-04,
       4.98217398e-04, 5.02433336e-04, 5.28959466e-04, 5.07158971e-04,
       5.14930058e-04, 4.90208124e-04, 5.06113539e-04, 4.73054695e-04,
       4.44839592e-04, 4.56578418e-04, 4.60364065e-04, 4.67611983e-04,
       4.61399113e-04, 4.66678011e-04, 4.85741898e-04, 4.93150291e-04,
       5.06051791e-04, 4.58691452e-04, 4.62697633e-04, 4.74956628e-04,
       4.85254677e-04, 4.37985467e-04, 4.57629841e-04, 4.38506055e-04,
       4.34193735e-04, 4.20634313e-04, 4.42110690e-04, 4.57362646e-04,
       4.55263303e-04, 4.40989475e-04, 4.27256640e-04, 4.17749278e-04,
       4.11240175e-04, 3.92912040e-04, 4.18549918e-04, 4.13797997e-04,
       4.02832074e-04, 3.88534074e-04, 4.31503314e-04, 4.15137441e-04,
       3.96623312e-04, 4.14852911e-04, 4.13434583e-04, 4.15338630e-04,
       3.82316215e-04, 3.78846851e-04, 4.06993423e-04, 4.19196023e-04,
       4.20543317e-04, 3.93950550e-04, 3.96183750e-04, 4.09852200e-04,
       4.06261489e-04, 4.13008252e-04, 4.34743501e-04, 4.34762853e-04,
       4.34552026e-04, 4.47329308e-04, 4.23503603e-04, 4.11498957e-04,
       4.13381170e-04, 3.76522001e-04, 3.90068706e-04, 3.94405789e-04,
       4.00371255e-04, 3.86472773e-04, 3.81397220e-04, 3.98126333e-04,
       3.73592730e-04, 3.60441631e-04, 4.05298437e-04, 3.72926516e-04,
       3.70090756e-04, 3.64578153e-04, 3.50663326e-04, 3.33884194e-04,
       3.44112023e-04, 3.56806964e-04, 3.63917967e-04, 3.52130668e-04,
       3.57297494e-04, 3.66186183e-04, 3.70378139e-04, 3.57824156e-04,
       3.50851314e-04, 3.60263449e-04, 3.58706016e-04, 3.49410847e-04,
       3.63292913e-04, 3.60807649e-04, 3.33427671e-04, 3.38400642e-04,
       3.30211241e-04, 3.60963550e-04, 3.61154513e-04, 3.47327559e-04,
       3.46242586e-04, 3.67943542e-04, 3.76131418e-04, 3.77554504e-04,
       3.63411485e-04, 3.52743263e-04, 3.56901410e-04, 3.36599995e-04,
       3.17822588e-04, 3.44843227e-04, 3.36172116e-04, 3.63111842e-04,
       3.58446292e-04, 3.40785421e-04, 3.60970137e-04, 3.44973060e-04,
       3.38487976e-04, 3.34854086e-04, 3.62387433e-04, 3.51495740e-04,
       3.40991492e-04, 3.48333674e-04, 3.15626043e-04, 3.13686332e-04,
       3.15111974e-04, 3.41917897e-04, 3.37244233e-04, 3.39363548e-04,
       3.42115890e-04, 3.58047013e-04, 3.38995714e-04, 3.47815213e-04,
       3.44687856e-04, 3.46056180e-04, 3.58284613e-04, 3.49192200e-04,
       3.44332470e-04, 3.22662661e-04, 3.25428682e-04, 3.25213116e-04,
       3.27135165e-04, 3.15303753e-04, 3.13221059e-04, 3.13103655e-04,
       3.40063088e-04, 3.24694761e-04, 3.44592540e-04, 3.55815838e-04,
       3.39576037e-04, 3.54067938e-04, 3.56230098e-04, 3.42806119e-04,
       3.44356634e-04, 3.45759711e-04, 3.34915806e-04, 3.41021425e-04,
       3.35067098e-04, 3.54227403e-04, 3.46551441e-04, 3.39404858e-04,
       3.22350098e-04, 3.09695580e-04, 3.24818759e-04, 3.39356093e-04,
       3.34802671e-04, 3.50040158e-04, 3.57960531e-04, 3.47757162e-04,
       3.45205692e-04, 3.41803350e-04, 3.34973843e-04, 3.28242736e-04,
       3.35482996e-04, 3.31759998e-04, 3.57527425e-04, 3.50488209e-04,
       3.53526490e-04, 3.22252288e-04, 3.31353858e-04, 3.27473822e-04,
       3.22299211e-04, 3.19696447e-04, 3.26973968e-04, 3.26673137e-04,
       3.22925466e-04, 3.38502861e-04, 3.30710947e-04, 3.15521762e-04,
       3.05816961e-04, 3.11620997e-04, 3.09503656e-04, 3.07648476e-04,
       3.17024004e-04, 3.19054353e-04, 3.21270427e-04, 3.19621508e-04,
       3.18944982e-04, 3.05874165e-04, 3.10394485e-04, 2.97770108e-04,
       3.06443624e-04, 3.00435752e-04, 2.78542398e-04, 2.92258236e-04,
       2.88006728e-04, 2.87657891e-04, 2.90303907e-04, 3.11303371e-04,
       2.85429235e-04, 2.98259691e-04, 3.08442710e-04, 3.08611023e-04,
       3.19618173e-04, 3.29032437e-04, 3.19678938e-04, 3.26810810e-04,
       3.27192806e-04, 2.98662916e-04, 2.88539833e-04, 3.09690545e-04,
       3.01173542e-04, 3.00100827e-04, 2.88277497e-04, 2.94112012e-04,
       3.04785799e-04, 3.19486347e-04, 3.01519678e-04, 3.04367978e-04,
       2.99220748e-04, 3.04887408e-04, 2.93296378e-04, 2.92374022e-04,
       3.07731993e-04, 3.05908250e-04, 3.05004382e-04, 2.97094379e-04,
       3.09190080e-04, 2.84379672e-04, 2.88526846e-04, 2.76091658e-04,
       2.91508478e-04, 2.82751064e-04, 2.80669514e-04, 2.90376812e-04,
       2.94652748e-04, 2.87659824e-04, 3.01720450e-04, 3.00774361e-04,
       2.84035617e-04, 2.85476667e-04, 2.91844534e-04, 2.76170541e-04,
       2.82459094e-04, 2.87306319e-04, 2.86433226e-04, 2.75667288e-04,
       2.67542943e-04, 2.75266913e-04, 2.70489002e-04, 2.79775615e-04,
       2.69705976e-04, 2.76064288e-04, 2.70654830e-04, 2.85523532e-04,
       2.67390487e-04, 2.63284031e-04, 2.68429442e-04, 2.62754377e-04,
       2.63955494e-04, 2.62113350e-04, 2.53509699e-04, 2.42173199e-04,
       2.50029752e-04, 2.47544731e-04, 2.38315832e-04, 2.48430915e-04,
       2.48525941e-04, 2.61039212e-04, 2.61232883e-04, 2.52875332e-04,
       2.67454227e-04, 2.81744844e-04, 2.65937024e-04, 2.53028395e-04,
       2.59241292e-04, 2.52774078e-04, 2.59213735e-04, 2.73296531e-04,
       2.84447121e-04, 2.86142808e-04, 2.98131131e-04, 2.86908771e-04,
       2.75931365e-04, 2.80544022e-04, 2.74890911e-04, 2.72408972e-04,
       2.81087919e-04, 2.74937097e-04, 2.82078393e-04, 2.73746881e-04,
       2.78648277e-04, 2.89040506e-04, 2.98325604e-04, 3.07137508e-04,
       3.02242977e-04, 2.86135999e-04, 2.81990077e-04, 2.67614634e-04,
       2.77698027e-04, 2.77530643e-04, 2.71004674e-04, 2.83428357e-04,
       2.72282889e-04, 2.76744933e-04, 2.84059158e-04, 2.76444686e-04,
       2.89800288e-04, 2.80176298e-04, 2.82730357e-04, 2.82934977e-04,
       2.99399194e-04, 3.05561271e-04, 3.00726791e-04, 3.07776367e-04,
       3.08163913e-04, 3.12099670e-04, 2.97998237e-04, 2.91111769e-04,
       2.86570046e-04, 2.91984450e-04, 2.97882291e-04, 2.90043056e-04,
       3.01832991e-04, 2.86812837e-04, 2.90627438e-04, 2.91079995e-04,
       2.86117551e-04, 2.99109363e-04, 2.96772395e-04, 2.71958658e-04,
       2.81295447e-04, 2.81539846e-04, 2.73020802e-04, 2.90894449e-04,
       2.75316770e-04, 2.86170624e-04, 2.99924872e-04, 2.93855213e-04,
       2.87499528e-04, 2.90096163e-04, 2.88241828e-04, 2.82627105e-04,
       2.64806646e-04, 2.62120054e-04, 2.62203896e-04, 2.89174848e-04,
       2.95281922e-04, 3.00636639e-04, 2.95442831e-04, 2.81903789e-04,
       2.78981406e-04, 2.84208594e-04, 2.76938318e-04, 2.69849859e-04,
       2.59719201e-04, 2.66674035e-04, 2.58613125e-04, 2.65791634e-04,
       2.57627969e-04, 2.79318143e-04, 2.72472985e-04, 2.52647703e-04,
       2.58235825e-04, 2.79503844e-04, 2.70192082e-04, 2.68881945e-04,
       2.70668105e-04, 2.74729708e-04, 2.76642688e-04, 2.74150315e-04,
       2.73402877e-04, 2.61876042e-04, 2.76545138e-04, 2.67176100e-04,
       2.70627141e-04, 2.64763409e-04, 2.80303368e-04, 2.83446282e-04,
       2.68065941e-04, 2.67742992e-04, 2.73116702e-04, 2.67078230e-04,
       2.82926926e-04, 2.86892618e-04, 2.90127300e-04, 2.83294546e-04,
       2.75871199e-04, 2.75405643e-04, 2.72101756e-04, 2.65491125e-04,
       2.76600052e-04, 2.79629165e-04, 2.70755622e-04, 2.70358553e-04,
       2.71241007e-04, 2.69484888e-04, 2.75828231e-04, 2.65095410e-04,
       2.78096377e-04, 2.75833951e-04, 2.67139840e-04, 2.74232787e-04,
       2.64432420e-04, 2.60378019e-04, 2.69778435e-04, 2.61143669e-04,
       2.65596696e-04, 2.86054115e-04, 2.77399215e-04, 2.73329923e-04,
       2.70416886e-04, 2.65145619e-04, 2.59283271e-04, 2.61292874e-04,
       2.62848708e-04, 2.51619679e-04, 2.56304150e-04, 2.67935702e-04,
       2.62232308e-04, 2.71435705e-04, 2.61719800e-04, 2.70686416e-04,
       2.76207633e-04, 2.58016680e-04, 2.68022916e-04, 2.68880781e-04,
       2.70084507e-04, 2.69501497e-04, 2.63460483e-04, 2.67803728e-04,
       2.63976256e-04, 2.56407122e-04, 2.49157888e-04, 2.50984888e-04,
       2.45561941e-04, 2.39228259e-04, 2.46479190e-04, 2.47076441e-04,
       2.56360946e-04, 2.60931075e-04, 2.60554359e-04, 2.61636940e-04,
       2.65227033e-04, 2.48942683e-04, 2.49169879e-04, 2.52825735e-04,
       2.43692227e-04, 2.48966699e-04, 2.37705237e-04, 2.36826892e-04,
       2.49796001e-04, 2.55718294e-04, 2.54419714e-04, 2.52933175e-04,
       2.55801255e-04, 2.56172958e-04, 2.49124501e-04, 2.49646652e-04,
       2.54961054e-04, 2.56054118e-04, 2.56271617e-04, 2.47744595e-04,
       2.45028759e-04, 2.48181900e-04, 2.43645011e-04, 2.43274834e-04,
       2.56509223e-04, 2.54465805e-04, 2.53894838e-04, 2.57812687e-04,
       2.48815723e-04, 2.46886157e-04, 2.59528023e-04, 2.55806470e-04,
       2.56491751e-04, 2.39978847e-04, 2.40008402e-04, 2.36563160e-04,
       2.30687066e-04, 2.33909332e-04, 2.41951997e-04, 2.29308408e-04,
       2.14893372e-04, 2.19947309e-04, 2.28454965e-04, 2.18275866e-04,
       2.35438854e-04, 2.36176848e-04, 2.23681971e-04, 2.24759292e-04,
       2.32821895e-04, 2.31875537e-04, 2.38147624e-04, 2.40020421e-04,
       2.37736169e-04, 2.22897135e-04, 2.23682472e-04, 2.30638625e-04,
       2.28684647e-04, 2.30644774e-04, 2.30021973e-04, 2.37698606e-04,
       2.28845859e-04, 2.39940720e-04, 2.34383895e-04, 2.30239167e-04,
       2.24582770e-04, 2.31048398e-04, 2.20875765e-04, 2.39893530e-04,
       2.49720052e-04, 2.36258164e-04, 2.38031270e-04, 2.41953562e-04,
       2.41010545e-04, 2.26757019e-04, 2.19457514e-04, 2.23715661e-04,
       2.17830392e-04, 2.23901010e-04, 2.22657770e-04, 2.27002212e-04,
       2.23444686e-04, 2.25970031e-04, 2.18993438e-04, 2.29076266e-04,
       2.30882062e-04, 2.35140076e-04, 2.43097536e-04, 2.45004318e-04,
       2.44639655e-04, 2.43438567e-04, 2.44355155e-04, 2.47959331e-04,
       2.40066925e-04, 2.30118617e-04, 2.29841600e-04, 2.40876469e-04,
       2.44042963e-04, 2.37451950e-04, 2.36852191e-04, 2.29904383e-04,
       2.34079750e-04, 2.42099863e-04, 2.31444054e-04, 2.26751605e-04,
       2.19588360e-04, 2.19284086e-04, 2.17556548e-04, 2.19410794e-04,
       2.22927087e-04, 2.31959470e-04, 2.30971716e-04, 2.20843445e-04,
       2.33409681e-04, 2.31308415e-04, 2.33913733e-04, 2.44147371e-04,
       2.37293968e-04, 2.36496691e-04, 2.35266139e-04, 2.26624817e-04,
       2.31968003e-04, 2.28372966e-04, 2.38380416e-04, 2.38994817e-04,
       2.42571987e-04, 2.38560841e-04, 2.35899992e-04, 2.36246046e-04,
       2.38555591e-04, 2.30086634e-04, 2.33983657e-04, 2.40674810e-04,
       2.27166567e-04, 2.28047700e-04, 2.30770553e-04, 2.22624009e-04,
       2.25179108e-04, 2.36098789e-04, 2.44595692e-04, 2.40293339e-04,
       2.42707762e-04, 2.36543162e-04, 2.39833061e-04, 2.52731124e-04,
       2.45203349e-04, 2.42268496e-04, 2.46424731e-04, 2.48409596e-04,
       2.43963051e-04, 2.47512162e-04, 2.35425046e-04, 2.38147024e-04,
       2.41249736e-04, 2.40934219e-04, 2.31970855e-04, 2.46525095e-04,
       2.39418389e-04, 2.46298754e-04, 2.43539442e-04, 2.55430579e-04,
       2.47140958e-04, 2.43258523e-04, 2.47598119e-04, 2.57425053e-04,
       2.55817405e-04, 2.41994548e-04, 2.48892547e-04, 2.48903676e-04,
       2.36743467e-04, 2.47254140e-04, 2.43861080e-04, 2.42280529e-04,
       2.42055405e-04, 2.54188373e-04, 2.50637126e-04, 2.53164202e-04,
       2.63165251e-04, 2.62727832e-04, 2.58532175e-04, 2.61222934e-04,
       2.71415705e-04, 2.59424763e-04, 2.58129574e-04, 2.62264011e-04,
       2.60129986e-04, 2.56234418e-04, 2.52717593e-04, 2.57157504e-04,
       2.52563097e-04, 2.42239657e-04, 2.38542148e-04, 2.42663788e-04,
       2.38473533e-04, 2.36532615e-04, 2.30731788e-04, 2.45819108e-04,
       2.55697743e-04, 2.49289334e-04, 2.47483444e-04, 2.53992805e-04,
       2.50259697e-04, 2.44598648e-04, 2.54624461e-04, 2.32400464e-04,
       2.35711157e-04, 2.27962196e-04, 2.33000935e-04, 2.20567694e-04,
       2.27294183e-04, 2.26704679e-04, 2.39513032e-04, 2.39904420e-04,
       2.37683098e-04, 2.39130781e-04, 2.32883743e-04, 2.36611381e-04,
       2.31605278e-04, 2.35225112e-04, 2.34857171e-04, 2.37590211e-04,
       2.27200655e-04, 2.30725701e-04, 2.21934937e-04, 2.33235644e-04,
       2.40061881e-04, 2.42031275e-04, 2.35072815e-04, 2.36152515e-04,
       2.48420456e-04, 2.51592330e-04, 2.46007603e-04, 2.47505717e-04,
       2.45510006e-04, 2.56803414e-04, 2.46579673e-04, 2.41572023e-04,
       2.46057685e-04, 2.42121762e-04, 2.46760872e-04, 2.49608736e-04,
       2.59611286e-04, 2.56361460e-04, 2.57130869e-04, 2.60271168e-04,
       2.67923504e-04, 2.62751377e-04, 2.57333130e-04, 2.55610192e-04,
       2.38921898e-04, 2.25001287e-04, 2.32120996e-04, 2.42000584e-04,
       2.41848040e-04, 2.47670852e-04, 2.38416753e-04, 2.31953725e-04,
       2.30545606e-04, 2.37360383e-04, 2.37787865e-04, 2.38136899e-04,
       2.33300660e-04, 2.32836556e-04, 2.29149689e-04, 2.35048481e-04,
       2.40600537e-04, 2.36059718e-04, 2.30706341e-04, 2.33391821e-04,
       2.39296125e-04, 2.35441570e-04, 2.30077929e-04, 2.38970045e-04,
       2.35686040e-04, 2.33081231e-04, 2.34206151e-04, 2.35025409e-04,
       2.48260640e-04, 2.41818345e-04, 2.39414096e-04, 2.43079697e-04,
       2.45047188e-04, 2.37824937e-04, 2.29882747e-04, 2.26880608e-04,
       2.38173296e-04, 2.53353171e-04, 2.52871029e-04, 2.57411482e-04,
       2.53877749e-04, 2.54305012e-04, 2.50928812e-04, 2.53907725e-04,
       2.49030751e-04, 2.34990378e-04, 2.33702170e-04, 2.38984405e-04,
       2.41910204e-04, 2.38794528e-04, 2.36502620e-04, 2.35959348e-04,
       2.35099183e-04, 2.30606248e-04, 2.31868834e-04, 2.40761738e-04,
       2.37766019e-04, 2.40830499e-04, 2.32872667e-04, 2.21624920e-04,
       2.33984441e-04, 2.41502641e-04, 2.34249406e-04, 2.30254323e-04,
       2.38573591e-04, 2.40410325e-04, 2.37198881e-04, 2.33592815e-04,
       2.23143629e-04, 2.32426854e-04, 2.28067404e-04, 2.25619057e-04,
       2.24202359e-04, 2.18935154e-04, 2.12591580e-04, 2.23522024e-04,
       2.20473011e-04, 2.23109721e-04, 2.27638071e-04, 2.23529713e-04,
       2.15632891e-04, 2.21759048e-04, 2.16490209e-04, 2.24481662e-04,
       2.23221663e-04, 2.24568459e-04, 2.17114666e-04, 2.18728342e-04,
       2.18963654e-04, 2.22698448e-04, 2.15119589e-04, 2.22235594e-04,
       2.16771974e-04, 2.13127247e-04, 2.15427412e-04, 2.18705535e-04,
       2.23172410e-04, 2.21642659e-04, 2.18610504e-04, 2.12750286e-04,
       2.14751713e-04, 2.14147702e-04, 2.07642987e-04, 2.11875439e-04,
       2.10474480e-04, 1.98842562e-04, 2.02561845e-04, 2.05386204e-04,
       2.05754085e-04, 2.04928509e-04, 2.09338557e-04, 2.12186260e-04,
       2.12002155e-04, 2.08789754e-04, 2.21807223e-04, 2.14956876e-04,
       2.09763038e-04, 2.10782631e-04, 2.19905736e-04, 2.18474241e-04,
       2.23533776e-04, 2.18651985e-04, 2.21029567e-04, 2.23010837e-04,
       2.18030010e-04, 2.22930322e-04, 2.23021413e-04, 2.22961536e-04,
       2.23961743e-04, 2.21752572e-04, 2.15245882e-04, 2.12849873e-04,
       2.21388886e-04, 2.25381586e-04, 2.31989470e-04, 2.33958157e-04,
       2.34277965e-04, 2.28098189e-04, 2.27803536e-04, 2.22743360e-04,
       2.17912279e-04, 2.23440393e-04, 2.29420687e-04, 2.33165128e-04,
       2.29331439e-04, 2.34915814e-04, 2.21201090e-04, 2.30184785e-04,
       2.14336325e-04, 2.24657591e-04, 2.26869332e-04, 2.33586755e-04,
       2.20042777e-04, 2.11323712e-04, 2.11820041e-04, 2.12801178e-04,
       2.10821165e-04, 2.09156084e-04, 2.08547688e-04, 2.10840627e-04,
       2.12260231e-04, 2.02363676e-04, 2.10278410e-04, 2.11076173e-04,
       2.19332261e-04, 2.11241624e-04, 2.11684708e-04, 2.14743620e-04,
       2.14483965e-04, 2.19134478e-04, 2.11620143e-04, 2.12147954e-04,
       2.12917779e-04, 2.11681734e-04, 2.05440266e-04, 2.02255638e-04,
       2.12058289e-04, 2.03488164e-04, 2.01533000e-04, 2.01201261e-04,
       2.03646210e-04, 2.07791310e-04, 1.99391663e-04, 1.96410823e-04,
       1.98727231e-04, 2.00453286e-04, 1.99562091e-04, 2.03900186e-04,
       1.99957290e-04, 2.01865066e-04, 2.05721892e-04, 2.09846081e-04,
       2.06571779e-04, 2.09351993e-04, 2.05507229e-04, 2.07369420e-04,
       1.99979072e-04, 1.97305832e-04, 2.00833116e-04, 2.06163895e-04,
       2.05976618e-04, 2.09422267e-04, 1.99631361e-04, 2.02578232e-04,
       2.02853146e-04, 2.15744642e-04, 2.17263692e-04, 2.15803283e-04,
       2.07239627e-04, 2.01364555e-04, 2.01884002e-04, 1.96202057e-04,
       1.99967299e-04, 1.97487905e-04, 1.98896194e-04, 2.03182513e-04,
       1.99311170e-04, 1.97707506e-04, 2.01994748e-04, 1.97237086e-04,
       2.09139837e-04, 2.06210457e-04, 2.00749239e-04, 2.02746336e-04,
       2.04012216e-04, 2.05882514e-04, 2.04532280e-04, 1.99232627e-04,
       1.99697826e-04, 2.05160370e-04, 1.99370953e-04, 2.09598236e-04,
       2.17058133e-04, 2.13589738e-04, 2.10619397e-04, 2.23609075e-04,
       2.20200647e-04, 2.16545911e-04, 2.14679771e-04, 2.11564478e-04,
       2.06318004e-04, 1.99740572e-04, 2.08081019e-04, 2.13240813e-04,
       2.00094753e-04, 2.06943734e-04, 2.20156654e-04, 2.19260260e-04,
       2.11906902e-04, 2.05597262e-04, 2.15348038e-04, 2.15066177e-04,
       2.07826616e-04, 2.05309158e-04, 2.05681684e-04, 2.02898500e-04,
       2.09147428e-04, 2.04431968e-04, 2.03650496e-04, 2.03249687e-04,
       2.04822720e-04, 2.02324336e-04, 1.95015800e-04, 1.97404408e-04,
       2.03633707e-04, 2.13767187e-04, 2.06432450e-04, 2.22441118e-04,
       2.15889715e-04, 2.05472205e-04, 2.03511478e-04, 2.01475359e-04,
       2.05731038e-04, 2.04642165e-04, 2.05403009e-04, 2.06015088e-04,
       2.03462259e-04, 2.10945865e-04, 2.09525189e-04, 2.01891062e-04,
       2.05891853e-04, 2.06731458e-04, 2.03764384e-04, 2.08335600e-04,
       2.06319354e-04, 2.05843516e-04, 1.97725039e-04, 1.99722157e-04,
       2.07826510e-04, 2.04596623e-04, 1.89841486e-04, 1.90650976e-04,
       1.90596181e-04, 1.88478007e-04, 1.85998448e-04, 1.88314789e-04,
       1.88124614e-04, 1.91237059e-04, 1.85605519e-04, 1.90046394e-04,
       1.88421506e-04, 1.85680723e-04, 1.85864997e-04, 1.83450393e-04,
       1.89797597e-04, 1.88056665e-04, 1.80333991e-04, 1.84456377e-04,
       1.82192052e-04, 1.86528923e-04, 1.88435495e-04, 1.83354526e-04,
       1.80215721e-04, 1.74054776e-04, 1.78322129e-04, 1.73706048e-04,
       1.69521145e-04, 1.71719880e-04, 1.82282358e-04, 1.87366377e-04,
       1.81522620e-04, 1.77598750e-04, 1.75297153e-04, 1.77660252e-04,
       1.79350678e-04, 1.82593592e-04, 1.76721969e-04, 1.77858759e-04,
       1.72994032e-04, 1.75281812e-04, 1.72759398e-04, 1.76935380e-04,
       1.63961193e-04, 1.61464220e-04, 1.59825008e-04, 1.61742029e-04,
       1.63650502e-04, 1.70410344e-04, 1.68541102e-04, 1.64883999e-04,
       1.60892204e-04, 1.65357109e-04, 1.58701649e-04, 1.63934903e-04,
       1.62574195e-04, 1.65566953e-04, 1.66144218e-04, 1.60297466e-04,
       1.59824763e-04, 1.60362433e-04, 1.58074422e-04, 1.61982573e-04,
       1.58160466e-04, 1.58459459e-04, 1.61024650e-04, 1.60029994e-04,
       1.64235212e-04, 1.62161243e-04, 1.58505869e-04, 1.57038388e-04,
       1.60485134e-04, 1.56419416e-04, 1.65664705e-04, 1.62396385e-04,
       1.62727565e-04, 1.62250733e-04, 1.66255514e-04, 1.56186278e-04,
       1.59596668e-04, 1.59587883e-04, 1.54368460e-04, 1.49034697e-04,
       1.54871931e-04, 1.55737973e-04, 1.50228427e-04, 1.48621141e-04,
       1.52793792e-04, 1.50350577e-04, 1.55572085e-04, 1.44007066e-04,
       1.47005829e-04, 1.45033167e-04, 1.48742692e-04, 1.44721921e-04,
       1.41962260e-04, 1.44702043e-04, 1.40707194e-04, 1.38789432e-04,
       1.45901816e-04, 1.45977392e-04, 1.47543675e-04, 1.50101712e-04,
       1.44916643e-04, 1.38746661e-04, 1.32945010e-04, 1.36281806e-04,
       1.35054993e-04, 1.37005271e-04, 1.38297245e-04, 1.39975300e-04,
       1.33130786e-04, 1.36392473e-04, 1.43640497e-04, 1.43075136e-04,
       1.45627506e-04, 1.47947961e-04, 1.48103528e-04, 1.49075781e-04,
       1.48236058e-04, 1.38758320e-04, 1.35905852e-04, 1.33734436e-04,
       1.27658760e-04, 1.29991626e-04, 1.31955919e-04, 1.31411351e-04,
       1.31321966e-04, 1.27403061e-04, 1.29692844e-04, 1.34220272e-04,
       1.30004965e-04, 1.32201868e-04, 1.33558931e-04, 1.36631059e-04,
       1.33003769e-04, 1.31438956e-04, 1.33552158e-04, 1.33742673e-04,
       1.41141900e-04, 1.35742964e-04, 1.38288176e-04, 1.42015948e-04,
       1.35960901e-04, 1.39370558e-04, 1.37972318e-04, 1.35737415e-04,
       1.42134844e-04, 1.43701996e-04, 1.41834166e-04, 1.41537293e-04,
       1.45916092e-04, 1.36620535e-04, 1.34903242e-04, 1.30322529e-04,
       1.32319591e-04, 1.33249712e-04, 1.31003103e-04, 1.29753329e-04,
       1.27764228e-04, 1.27032710e-04, 1.31638428e-04, 1.36419565e-04,
       1.34511241e-04, 1.38676875e-04, 1.29367164e-04, 1.28451273e-04,
       1.26732301e-04, 1.32079993e-04, 1.27861742e-04, 1.27010369e-04,
       1.26515426e-04, 1.31227970e-04, 1.27587383e-04, 1.27845134e-04,
       1.26826823e-04, 1.23404895e-04, 1.22118993e-04, 1.27179530e-04,
       1.19824746e-04, 1.21700247e-04, 1.21286835e-04, 1.17746009e-04,
       1.15426855e-04, 1.14526435e-04, 1.10630264e-04, 1.10610125e-04,
       1.11163262e-04, 1.09480091e-04, 1.09601992e-04, 1.06923362e-04,
       1.06061658e-04, 1.05448093e-04, 1.09576110e-04, 1.10188252e-04,
       1.09608645e-04, 1.07618233e-04, 1.06176559e-04, 1.05620681e-04,
       1.05340730e-04, 1.13980426e-04, 1.08031443e-04, 1.06756377e-04,
       1.01389602e-04, 1.00206614e-04, 9.88179482e-05, 9.93028851e-05,
       9.82959447e-05, 9.47537926e-05, 9.17389146e-05, 1.00203785e-04,
       1.01408190e-04, 9.65139528e-05, 9.67156406e-05, 9.39473367e-05,
       9.39277960e-05, 9.65896824e-05, 1.02207688e-04, 9.84797296e-05,
       1.01087058e-04, 9.77927170e-05, 1.04502231e-04, 1.02720891e-04,
       9.85177607e-05, 1.02309534e-04, 1.05285278e-04, 1.07055046e-04,
       1.02094939e-04, 9.81624315e-05, 9.76592688e-05, 1.00451766e-04,
       9.66119889e-05, 9.82223761e-05, 9.64748628e-05, 9.40089150e-05,
       9.20530125e-05, 8.74490299e-05, 9.20376016e-05, 8.78712483e-05,
       8.85073298e-05, 9.14870495e-05, 9.10735777e-05, 8.91362958e-05,
       9.78940942e-05, 9.35174656e-05, 9.46441347e-05, 9.42202342e-05,
       9.41079679e-05, 9.76999771e-05, 9.21520626e-05, 8.78416417e-05,
       9.01601821e-05, 8.54272135e-05, 8.90177868e-05, 8.82808716e-05,
       8.86067370e-05, 9.03960168e-05, 9.04347456e-05, 8.87675259e-05,
       8.81111235e-05, 8.72396893e-05, 8.87306940e-05, 9.06776213e-05,
       9.20679916e-05, 8.76027350e-05, 8.47822898e-05, 8.42322660e-05,
       8.53241966e-05, 8.14145067e-05, 7.67522892e-05, 7.38061485e-05,
       7.73044398e-05, 8.17686202e-05, 8.21741193e-05, 8.07757723e-05,
       7.85932443e-05, 7.97673202e-05, 7.76786319e-05, 7.74941349e-05,
       7.29295531e-05, 7.14163075e-05, 7.03021244e-05, 7.34583850e-05,
       7.74464892e-05, 7.87611858e-05, 7.35782242e-05, 7.06093646e-05,
       7.33324937e-05, 7.40891115e-05, 6.81757029e-05, 6.56246519e-05,
       6.74634707e-05, 6.68401985e-05, 7.02530381e-05, 6.74216586e-05,
       6.80795117e-05, 6.81058915e-05, 7.21343876e-05, 7.59018470e-05,
       7.49507327e-05, 7.69828343e-05, 7.49751377e-05, 6.98455515e-05,
       7.29597401e-05, 7.27905531e-05, 6.73339439e-05, 7.06116490e-05,
       7.30323730e-05, 7.31529601e-05, 7.00266897e-05, 6.96803426e-05,
       6.50266147e-05, 6.87592837e-05, 6.84304607e-05, 7.08384800e-05,
       6.98664730e-05, 6.86170662e-05, 7.03643608e-05, 6.47300454e-05,
       6.81801467e-05, 6.50997011e-05, 6.84783471e-05, 6.93267445e-05,
       6.98409800e-05, 6.99432106e-05, 7.03472177e-05, 7.09292931e-05,
       6.94409991e-05, 6.72659726e-05, 6.82430998e-05, 6.82152519e-05,
       6.73305982e-05, 6.70825950e-05, 6.87464602e-05, 6.71907560e-05,
       6.72385914e-05, 6.76928816e-05, 6.58600398e-05, 6.43858849e-05,
       6.07855546e-05, 5.91187549e-05, 5.94956265e-05, 5.17440445e-05,
       5.28011571e-05, 5.03722562e-05, 5.10124036e-05, 5.35473958e-05,
       5.52838826e-05, 5.14521759e-05, 4.95328068e-05, 5.21498189e-05,
       5.15560349e-05, 5.06015216e-05, 4.72901782e-05, 4.67566836e-05,
       4.64875650e-05, 4.40149723e-05, 4.47233943e-05, 4.91674879e-05,
       5.07708098e-05, 4.64622626e-05, 5.12677963e-05, 4.97044933e-05,
       4.66483869e-05, 5.06743950e-05, 4.76894155e-05, 4.48339527e-05,
       4.88286788e-05, 4.77982137e-05, 4.50671683e-05, 4.51482649e-05,
       4.35640640e-05, 4.15599135e-05, 3.87074292e-05, 4.08045515e-05,
       3.97986802e-05, 4.15385971e-05, 4.42424711e-05, 4.44989511e-05,
       4.58590668e-05, 3.98739195e-05, 4.30297184e-05, 4.32972029e-05,
       4.22098014e-05, 3.92699924e-05, 4.07618035e-05, 3.99502506e-05,
       4.22344034e-05, 4.29642134e-05, 4.51543468e-05, 4.10748526e-05,
       4.45954602e-05, 4.53074657e-05, 4.47979898e-05, 4.43303969e-05,
       4.38047385e-05, 4.32479072e-05, 4.13562574e-05, 3.85850708e-05,
       3.95263221e-05, 3.79068204e-05, 3.58132722e-05, 3.66729676e-05,
       3.95602078e-05, 3.64697148e-05, 3.41347110e-05, 3.67513120e-05,
       4.02210329e-05, 3.90503989e-05, 4.07214567e-05, 3.63647272e-05,
       4.04858958e-05, 4.08441095e-05, 3.81442862e-05, 3.71176660e-05,
       3.55209423e-05, 3.31292771e-05, 3.23806874e-05, 3.36177393e-05,
       3.59881529e-05, 3.61904263e-05, 3.75132900e-05, 4.08579881e-05,
       3.74326810e-05, 4.02753753e-05, 3.85802907e-05, 3.97367025e-05,
       3.69848766e-05, 3.72120604e-05, 3.69668376e-05, 3.83559294e-05,
       4.11330992e-05, 4.13479204e-05, 3.92994858e-05, 4.00790195e-05,
       3.86130546e-05, 3.96728423e-05, 3.70453709e-05, 4.04716810e-05,
       3.63225067e-05, 3.81407435e-05, 3.74681966e-05, 3.52613855e-05,
       3.11931652e-05, 3.17035132e-05, 2.92533651e-05, 2.78136910e-05,
       2.94543391e-05, 3.03007758e-05, 3.06664683e-05, 3.27602643e-05,
       3.17133082e-05, 3.04201850e-05, 3.09860463e-05, 3.27644893e-05,
       3.06445919e-05, 2.90408718e-05, 2.85419780e-05, 2.92605038e-05,
       3.05903596e-05, 3.08090543e-05, 3.05994295e-05, 2.71667654e-05,
       2.68780594e-05, 2.84187197e-05, 3.12534831e-05, 3.12632282e-05,
       3.14016800e-05, 3.03322778e-05, 2.77538001e-05, 2.85663085e-05,
       2.93229805e-05, 2.82923454e-05, 2.84386249e-05, 2.64896099e-05,
       2.85724022e-05, 2.73667008e-05, 2.73240969e-05, 2.71400699e-05,
       2.52580289e-05, 2.49529970e-05, 2.67313132e-05, 2.85748239e-05,
       2.39937565e-05, 2.53004482e-05, 2.59278463e-05, 2.75316041e-05,
       2.69444694e-05, 2.87294931e-05, 2.92812279e-05, 2.97799730e-05,
       3.05486791e-05, 2.49825534e-05, 2.55728215e-05, 2.60223496e-05,
       2.59296435e-05, 2.65464880e-05, 2.80156145e-05, 2.86044871e-05,
       2.92068346e-05, 2.73245374e-05, 2.45794417e-05, 2.65188039e-05,
       2.53948733e-05, 2.48919865e-05, 2.63425808e-05, 2.20884901e-05,
       2.27488054e-05, 2.35665061e-05, 2.68290572e-05, 2.46081843e-05,
       2.51763932e-05, 2.48928523e-05, 2.64217511e-05, 2.75697323e-05,
       2.62788556e-05, 2.64491137e-05, 2.41240153e-05, 2.28332633e-05,
       2.15838439e-05, 2.22723165e-05, 2.30238271e-05, 2.47942918e-05,
       2.34535570e-05, 2.26416771e-05, 2.18943802e-05, 2.27598907e-05,
       2.04797849e-05, 2.12809698e-05, 2.05751469e-05, 1.89279976e-05,
       1.91700228e-05, 1.93228675e-05, 2.09244944e-05, 2.02461212e-05,
       1.91893107e-05, 2.01774551e-05, 2.13603831e-05, 2.02277419e-05,
       2.05091566e-05, 2.15865532e-05, 1.82669756e-05, 1.73692925e-05,
       1.74215986e-05, 1.92163418e-05, 1.94990905e-05, 2.12182382e-05,
       1.92593073e-05, 1.94186281e-05, 1.91575456e-05, 1.99869129e-05,
       1.94822730e-05, 2.03034633e-05, 2.00319203e-05, 2.03535252e-05,
       1.92970773e-05, 2.10266543e-05, 2.13249346e-05, 2.06629289e-05,
       1.83015171e-05, 1.82827477e-05, 1.91069498e-05, 1.81521149e-05,
       1.68271465e-05, 1.78136684e-05, 1.74293461e-05, 1.71956830e-05,
       1.79758978e-05, 1.73003803e-05, 1.52230067e-05, 1.50498830e-05,
       1.51812429e-05, 1.60439512e-05, 1.49116292e-05, 1.54801827e-05,
       1.29317001e-05, 1.23607303e-05, 1.42594216e-05, 1.28431708e-05,
       1.24836206e-05, 1.21388280e-05, 1.39689825e-05, 1.37054285e-05,
       1.34938456e-05, 1.46798387e-05, 1.43913249e-05, 1.43264557e-05,
       1.35380454e-05, 1.35040074e-05, 1.39126379e-05, 1.60313806e-05,
       1.49929148e-05, 1.38905460e-05, 1.45830052e-05, 1.45516686e-05,
       1.59873065e-05, 1.53669255e-05, 1.35287403e-05, 1.44609249e-05,
       1.43233344e-05, 1.50590131e-05, 1.44909117e-05, 1.29197084e-05,
       1.48648215e-05, 1.51125103e-05, 1.42343712e-05, 1.67543233e-05,
       1.62035184e-05, 1.58872207e-05, 1.51863479e-05, 1.51581929e-05,
       1.31324972e-05, 1.35997720e-05, 1.23990311e-05, 1.35725312e-05,
       1.26843766e-05, 1.15114674e-05, 1.23007184e-05, 1.02686072e-05,
       1.03703299e-05, 1.19093411e-05, 1.09466522e-05, 1.13890436e-05,
       1.26780449e-05, 1.25505996e-05, 1.34009653e-05, 1.26829372e-05,
       1.42316900e-05, 1.27969007e-05, 1.26139137e-05, 1.37250450e-05,
       1.21898389e-05, 1.38460766e-05, 1.20967716e-05, 1.06787807e-05,
       1.00188924e-05, 9.04979634e-06, 8.14722098e-06, 8.57957380e-06,
       8.80789832e-06, 9.98811246e-06, 1.08806706e-05, 7.80724940e-06,
       8.74296596e-06, 9.00713536e-06, 7.51673474e-06, 6.56131353e-06,
       7.78650007e-06, 8.64618244e-06, 6.78341356e-06, 6.83162629e-06,
       7.03918056e-06, 7.40651823e-06, 7.12326922e-06, 6.56808827e-06,
       7.02798239e-06, 7.65232464e-06, 7.25507599e-06, 5.39644222e-06,
       6.09673205e-06, 6.88577211e-06, 6.82133195e-06, 7.52212581e-06,
       7.32047270e-06, 7.60280672e-06, 6.84968966e-06, 8.77663820e-06,
       7.50478937e-06, 6.68553759e-06, 6.05690693e-06, 5.72144948e-06,
       4.07412091e-06, 4.33573476e-06, 4.61683474e-06, 5.36830371e-06,
       5.52633657e-06, 6.28815124e-06, 5.28235550e-06, 5.75679710e-06,
       6.36780262e-06, 6.52181120e-06, 5.87201328e-06, 6.86826663e-06,
       5.62236259e-06, 6.78804517e-06, 6.11612469e-06, 6.77988407e-06,
       5.39052049e-06, 5.70657500e-06, 6.21715597e-06, 6.39848920e-06,
       7.35712191e-06, 6.98604146e-06, 5.83037650e-06, 4.30342859e-06,
       4.37264959e-06, 3.48928023e-06, 4.62811247e-06, 4.65504284e-06,
       4.58707795e-06, 5.03581909e-06, 3.25726130e-06, 2.89371276e-06,
       3.64038645e-06, 2.98541317e-06, 3.29697397e-06, 3.12138401e-06,
       3.06056177e-06, 3.67700240e-06, 4.56172573e-06, 5.40731682e-06,
       5.27041618e-06, 5.54349483e-06, 5.06744930e-06, 5.08036429e-06,
       4.07116167e-06, 3.01155817e-06, 2.79751831e-06, 2.69483268e-06,
       2.95030959e-06, 3.01536068e-06, 2.80121286e-06, 3.02913279e-06,
       3.54726461e-06, 3.50487163e-06, 3.10828932e-06, 2.94089877e-06,
       3.55614752e-06, 3.82124963e-06, 3.85154319e-06, 2.65274926e-06,
       2.24996214e-06, 2.26582918e-06, 2.43240545e-06, 3.08785056e-06,
       2.27788837e-06, 3.14852758e-06, 3.41504139e-06, 3.09994969e-06,
       3.55198870e-06, 3.85383276e-06, 4.76015506e-06, 4.02708005e-06,
       3.54479616e-06, 3.99863226e-06, 3.09132152e-06, 4.07841641e-06,
       4.90348969e-06, 3.66805196e-06, 4.61164403e-06, 3.27284558e-06,
       4.20327826e-06, 3.64332849e-06, 3.01032435e-06, 3.44035041e-06,
       3.34252455e-06, 4.28913502e-06, 3.96213697e-06, 3.64463348e-06,
       3.48578482e-06, 2.93616910e-06, 3.36756864e-06, 3.60337893e-06,
       3.75263241e-06, 3.46014486e-06, 3.74448962e-06, 4.52192754e-06,
       5.30762070e-06, 3.68680345e-06, 3.72105058e-06, 3.13792088e-06,
       3.60812662e-06, 4.51667488e-06, 3.88982828e-06, 4.05198807e-06,
       4.35287269e-06, 4.70265044e-06, 4.36141778e-06, 3.97491687e-06,
       4.07778931e-06, 3.73890373e-06, 3.04484309e-06, 3.28030607e-06,
       3.29679237e-06, 3.36638318e-06, 3.21399851e-06, 3.03169146e-06,
       2.44409008e-06, 3.10132344e-06, 2.34413396e-06, 2.50272140e-06,
       2.12990640e-06, 2.09461636e-06, 2.80443316e-06, 3.01760463e-06,
       2.64271295e-06, 2.05633063e-06, 2.40500103e-06, 2.15831960e-06,
       1.68612149e-06, 1.36966698e-06, 1.14270800e-06, 1.73481429e-06,
       1.82062012e-06, 1.96787965e-06, 1.84156542e-06, 1.90229504e-06,
       2.66026344e-06, 1.88570992e-06, 2.00798908e-06, 2.14790197e-06,
       2.51614942e-06, 2.04840197e-06, 1.76315172e-06, 1.90102295e-06,
       1.94002480e-06, 2.27850044e-06, 2.78624967e-06, 2.02041496e-06,
       1.67811783e-06, 1.15119165e-06, 1.73857282e-06, 2.40115066e-06,
       1.76777950e-06, 1.50124792e-06, 1.56387651e-06, 1.76368899e-06,
       1.56887292e-06, 1.86401755e-06, 1.50667975e-06, 1.10935944e-06,
       1.06661821e-06, 1.53506418e-06, 1.38922758e-06, 1.01698535e-06,
       9.64693985e-07, 1.05520398e-06, 1.29915708e-06, 1.78650072e-06,
       1.78496190e-06, 1.51054801e-06, 1.52320677e-06, 1.41525625e-06,
       1.03071607e-06, 9.72667633e-07, 7.97902966e-07, 9.04616288e-07,
       1.17483679e-06, 1.34972464e-06, 1.43651910e-06, 1.03342876e-06,
       1.05485246e-06, 9.64803854e-07, 9.95630261e-07, 9.30955965e-07,
       1.52808504e-06, 7.40409655e-07, 5.73714857e-07, 5.03456937e-07,
       4.29091755e-07, 7.84587433e-07, 7.74836649e-07, 5.51696966e-07,
       1.60261289e-07, 5.68220254e-07, 4.27889942e-07, 7.26228123e-07,
       5.94796993e-07, 6.73599509e-07, 7.86291709e-07, 9.29930596e-07,
       7.16403100e-07, 8.12413110e-07, 7.93280941e-07, 6.71125778e-07,
       6.99783666e-07, 2.55967202e-07, 4.37026374e-07, 5.63156765e-07,
       8.89403781e-07, 8.45980474e-07, 5.51788391e-07, 4.19853604e-07,
       3.58002072e-07, 3.57582201e-07, 2.69944548e-07, 3.70684593e-07,
       3.21306949e-07, 6.60061571e-07, 2.89563033e-07, 8.20751054e-08,
       1.43107063e-07, 1.05348821e-07, 1.67376408e-07, 1.94272339e-07,
       2.88317189e-07, 1.80812828e-07, 3.76322811e-07, 4.49797722e-07,
       1.18162813e-07, 1.37555459e-07, 3.83947290e-07, 4.96670286e-07,
       6.60120276e-07, 4.82508828e-07, 8.38597672e-07, 8.52993920e-07,
       8.22248511e-07, 2.56216320e-07, 5.87474530e-07, 4.95660748e-07,
       5.02338027e-07, 2.44400400e-07, 1.85850649e-07, 4.95420169e-07,
       8.64304490e-07, 6.49594937e-07, 3.98378361e-07, 4.60916069e-07,
       6.57430866e-07, 1.05799584e-06, 1.31173791e-06, 1.81628433e-06,
       1.26618627e-06, 1.42120108e-06, 9.87161296e-07, 8.57645181e-07,
       5.45312689e-07, 4.26928507e-07, 7.59921373e-07, 7.02304255e-07,
       2.81811844e-07, 1.54534279e-07, 3.29544534e-07, 4.02050062e-07,
       4.88242903e-07, 4.52795620e-07, 2.51110565e-07, 4.70448085e-07,
       2.99768366e-07, 3.62450540e-07, 6.07241585e-07, 4.18137893e-07,
       5.81089980e-07, 6.76191598e-07, 5.75439178e-07, 4.95962039e-07,
       3.94732043e-07, 3.68854075e-07, 2.30357353e-07, 4.28914724e-07,
       2.73009990e-07, 1.21345041e-07, 2.99555339e-07, 6.39922920e-07,
       3.51269418e-07, 1.51283033e-07, 9.48618790e-08, 4.86772977e-08,
       2.84562671e-08, 6.74751393e-08, 1.20544334e-07, 2.12859130e-08,
       1.44952253e-07, 8.97924090e-08, 5.94099980e-08, 4.88770369e-09,
       4.51878684e-08, 3.00390995e-08, 6.85044757e-08, 9.85416537e-08,
       1.03832449e-07, 9.14789565e-08, 8.00097017e-08, 1.03611240e-07,
       7.98014206e-08, 3.30210163e-08, 5.66428130e-09, 5.64953947e-08,
       6.71426973e-08, 5.33903828e-08, 2.20618274e-08, 3.88957994e-08,
       6.96644350e-10, 2.85721188e-08, 1.02714070e-07, 1.50576544e-08,
       4.54117291e-08, 4.28716297e-08, 4.67833894e-08, 8.46659719e-08,
       1.60465033e-08, 7.37480916e-09, 5.00791169e-08, 1.42127465e-07,
       5.05316909e-08, 1.88619013e-08, 1.26944910e-07, 9.84265219e-09,
       4.65202139e-08, 2.15466570e-08, 5.80282971e-08, 1.42592501e-07,
       1.11728419e-07, 2.55223330e-07, 4.08983286e-08, 2.93861893e-08,
       1.44590639e-07, 2.76690804e-07, 4.08507956e-07, 7.11754864e-07,
       8.40298917e-07, 1.00763433e-06, 6.48063827e-07, 1.44043187e-07,
       3.14583712e-07, 2.31635461e-07, 5.78916970e-07, 6.00645401e-07,
       7.47825883e-07, 4.29174169e-07, 3.19298038e-07, 1.59393694e-08]), array([9.59722714e-04, 6.09824162e-04, 2.95889838e-04, 3.16468036e-05,
       1.37430943e-04, 2.04200466e-03, 1.05111102e-03, 2.19532287e-03,
       4.27298775e-04, 8.68255872e-05, 1.75677065e-03, 2.05627578e-03,
       4.69640990e-03, 5.75996568e-03, 4.83736885e-03, 4.72424987e-03,
       4.36117896e-03, 7.82993210e-03, 7.25956100e-03, 7.99763908e-03,
       9.92968762e-03, 8.76644046e-03, 1.11379999e-02, 1.74413575e-02,
       1.21397504e-02, 9.33319962e-03, 1.30034762e-02, 1.26014773e-02,
       1.30552312e-02, 9.49760303e-03, 8.98511656e-03, 7.71792944e-03,
       8.94360804e-03, 1.04049182e-02, 6.78640526e-03, 4.85057076e-03,
       3.50801583e-03, 4.29897112e-03, 3.15434890e-03, 4.07343649e-03,
       2.78046032e-03, 2.50113468e-03, 2.37733005e-03, 2.47296010e-03,
       2.58528805e-03, 2.61370369e-03, 2.55625199e-03, 4.05222644e-03,
       5.34691039e-03, 5.24651874e-03, 5.96425904e-03, 8.03421383e-03,
       1.08615397e-02, 1.34727723e-02, 1.68183071e-02, 1.83431554e-02,
       2.06380405e-02, 2.22309245e-02, 2.37735857e-02, 2.31854610e-02,
       2.56287991e-02, 2.57029488e-02, 2.23769514e-02, 1.84390036e-02,
       1.62013509e-02, 1.33346990e-02, 1.07969970e-02, 8.23638488e-03,
       6.89644094e-03, 6.56689261e-03, 5.93391321e-03, 5.35737155e-03,
       4.39892632e-03, 3.45321914e-03, 2.97511788e-03, 2.49817059e-03,
       2.30192365e-03, 2.31149897e-03, 2.09547863e-03, 1.93334009e-03,
       1.78647557e-03, 1.60453946e-03, 1.93801071e-03, 2.44537402e-03,
       2.82382170e-03, 1.57096884e-02, 2.35479909e-01, 1.82590541e-02,
       1.21454271e-02, 1.30611098e-02, 1.24417816e-02, 1.12435313e-02,
       9.19648654e-03, 8.14276496e-03, 7.17563319e-03, 6.31208794e-03,
       5.34985903e-03, 4.21912975e-03, 3.08423432e-03, 2.07724777e-03,
       1.38246773e-03, 9.15713910e-04, 6.06338258e-04, 3.26358313e-04,
       1.22922889e-04, 6.43600710e-05, 3.38541026e-05, 6.92946829e-06,
       4.44431304e-06])]
---

4
---
[[[np.float64(39.855661000351276), np.float64(0.49595234490429196)], [np.float64(33.02835287087883), np.float64(0.07839273265948869)], [np.float64(0.7057618403621787), np.float64(0.03124384045696262)]], array([4.27035471e-01, 3.90143071e-03, 2.73346023e-03, 3.07279476e-03,
       2.74010587e-03, 2.43767040e-03, 2.36461212e-03, 2.81679959e-03,
       2.52340990e-03, 2.46196430e-03, 2.50938404e-03, 2.44420406e-03,
       2.51266490e-03, 2.44790169e-03, 2.19520822e-03, 2.64528206e-03,
       2.44289355e-03, 2.60460271e-03, 2.64138272e-03, 2.25863971e-03,
       2.23669882e-03, 2.38225029e-03, 2.19731099e-03, 2.17361420e-03,
       2.27862099e-03, 2.13633776e-03, 2.14132284e-03, 2.10936984e-03,
       1.92166998e-03, 1.99354729e-03, 1.95934880e-03, 1.72147194e-03,
       1.86562781e-03, 1.83621984e-03, 1.86162229e-03, 2.03399159e-03,
       2.05020305e-03, 1.91397760e-03, 1.90272231e-03, 1.90123824e-03,
       1.95683635e-03, 1.84959676e-03, 1.78163702e-03, 1.73316989e-03,
       1.74818865e-03, 1.70972788e-03, 1.74108150e-03, 1.67698192e-03,
       1.66669973e-03, 1.71373185e-03, 1.72128588e-03, 1.65742460e-03,
       1.65415217e-03, 1.56036219e-03, 1.72758998e-03, 1.58125718e-03,
       1.53124604e-03, 1.52895337e-03, 1.55089460e-03, 1.49049005e-03,
       1.51645028e-03, 1.47429519e-03, 1.36275537e-03, 1.34292709e-03,
       1.45306275e-03, 1.39753693e-03, 1.34931480e-03, 1.43835587e-03,
       1.39523401e-03, 1.31946477e-03, 1.25771015e-03, 1.23932778e-03,
       1.33078167e-03, 1.38162096e-03, 1.36206246e-03, 1.26569943e-03,
       1.30627162e-03, 1.32359071e-03, 1.27169684e-03, 1.27623547e-03,
       1.25038042e-03, 1.26191741e-03, 1.25546325e-03, 1.17526512e-03,
       1.22118267e-03, 1.22157646e-03, 1.21853848e-03, 1.21974502e-03,
       1.21367083e-03, 1.18150666e-03, 1.16326753e-03, 1.14153803e-03,
       1.10990692e-03, 1.20348347e-03, 1.17213647e-03, 1.15714352e-03,
       1.13030452e-03, 1.11107675e-03, 1.15854104e-03, 1.12298884e-03,
       1.07002932e-03, 1.12153803e-03, 1.02071979e-03, 1.00723219e-03,
       1.07073646e-03, 1.06471473e-03, 1.05045626e-03, 1.00444372e-03,
       9.82223942e-04, 9.58380522e-04, 9.62226520e-04, 8.80065305e-04,
       9.54185731e-04, 9.23834812e-04, 9.30543502e-04, 9.06559821e-04,
       9.12182791e-04, 9.41094986e-04, 9.08466850e-04, 8.46211613e-04,
       8.80648948e-04, 8.72418800e-04, 9.03203627e-04, 8.44942170e-04,
       8.83004275e-04, 8.74739947e-04, 8.75261798e-04, 8.47874865e-04,
       8.39195551e-04, 8.60694179e-04, 8.45112053e-04, 9.21350056e-04,
       8.65962805e-04, 8.33999934e-04, 8.00804629e-04, 8.13027743e-04,
       7.89051817e-04, 8.07130451e-04, 8.18126696e-04, 8.15412601e-04,
       7.31344327e-04, 7.38155333e-04, 7.86710827e-04, 7.75506509e-04,
       7.78243340e-04, 7.42011249e-04, 7.74366556e-04, 7.41660572e-04,
       7.66527313e-04, 8.15967888e-04, 7.41097534e-04, 7.23771349e-04,
       7.70383385e-04, 7.45905813e-04, 7.23143668e-04, 7.43652837e-04,
       7.03797850e-04, 6.69155398e-04, 6.78553784e-04, 6.78554001e-04,
       6.48357530e-04, 6.48706282e-04, 6.73853182e-04, 6.73356807e-04,
       6.49727001e-04, 6.88087927e-04, 7.09184287e-04, 6.58903083e-04,
       6.51353369e-04, 6.40688060e-04, 6.56841350e-04, 6.06632162e-04,
       6.12754422e-04, 6.46056109e-04, 6.10377870e-04, 6.21726191e-04,
       6.07678777e-04, 6.21618419e-04, 6.32101849e-04, 6.23797715e-04,
       5.94937910e-04, 6.34158243e-04, 5.83231697e-04, 5.63779054e-04,
       6.03277149e-04, 5.63656911e-04, 5.41001918e-04, 5.79359601e-04,
       5.73376735e-04, 5.77302812e-04, 5.66820375e-04, 5.20159009e-04,
       5.08746680e-04, 5.11486759e-04, 5.10554763e-04, 5.28739586e-04,
       5.25609268e-04, 5.18855642e-04, 5.24886464e-04, 5.07216884e-04,
       5.03743474e-04, 5.07312799e-04, 5.15885071e-04, 4.93079677e-04,
       5.30679442e-04, 5.25652321e-04, 4.91101130e-04, 5.15841622e-04,
       5.19483570e-04, 5.22884650e-04, 4.98959235e-04, 5.13246704e-04,
       4.66394791e-04, 4.77035763e-04, 4.82859597e-04, 4.85851633e-04,
       4.81244123e-04, 5.02921777e-04, 4.94402664e-04, 4.95298916e-04,
       5.07584109e-04, 5.32414119e-04, 5.21623276e-04, 5.39039143e-04,
       5.10421829e-04, 5.20405849e-04, 4.66539766e-04, 4.90993993e-04,
       4.92673143e-04, 4.79623122e-04, 4.75161375e-04, 5.04719259e-04,
       4.88608238e-04, 4.95189202e-04, 4.78362853e-04, 4.82864180e-04,
       4.87072224e-04, 5.16630263e-04, 4.83950668e-04, 4.81921851e-04,
       4.77102506e-04, 4.68891700e-04, 4.72388461e-04, 4.74828554e-04,
       4.71140668e-04, 4.65352702e-04, 4.76388775e-04, 4.50187149e-04,
       4.61862124e-04, 4.47218720e-04, 4.32142989e-04, 4.47424909e-04,
       4.16362517e-04, 4.31300982e-04, 4.23216308e-04, 3.99009138e-04,
       4.23985291e-04, 4.17718620e-04, 4.28292822e-04, 4.14405467e-04,
       4.11997962e-04, 4.25109587e-04, 4.37344038e-04, 4.31224592e-04,
       4.40181623e-04, 4.20894981e-04, 4.35439415e-04, 4.53008075e-04,
       4.36548528e-04, 4.36449649e-04, 4.16932454e-04, 4.02623968e-04,
       4.17743551e-04, 4.14549696e-04, 4.07866285e-04, 4.06093115e-04,
       4.19296290e-04, 4.22756751e-04, 4.11307647e-04, 4.17241498e-04,
       4.08051247e-04, 3.92060933e-04, 3.97130433e-04, 3.87871677e-04,
       3.88401908e-04, 3.94456479e-04, 4.06707111e-04, 3.95367774e-04,
       4.02136935e-04, 3.81167346e-04, 3.84213867e-04, 3.63694850e-04,
       3.65904813e-04, 3.60075107e-04, 3.82769794e-04, 3.78742264e-04,
       3.79375945e-04, 3.74714461e-04, 3.80091796e-04, 3.62494272e-04,
       3.52212948e-04, 3.56615206e-04, 3.36524675e-04, 3.50392555e-04,
       3.61964295e-04, 3.62589722e-04, 3.50744513e-04, 3.51073861e-04,
       3.42242146e-04, 3.53542969e-04, 3.45936782e-04, 3.58095574e-04,
       3.55764978e-04, 3.54229487e-04, 3.48431374e-04, 3.61315404e-04,
       3.45978663e-04, 3.61476594e-04, 3.66434417e-04, 3.51933697e-04,
       3.54998596e-04, 3.52796870e-04, 3.50892803e-04, 3.45523795e-04,
       3.53710467e-04, 3.90183402e-04, 3.79387393e-04, 3.77172524e-04,
       3.74503131e-04, 3.72561202e-04, 3.49071433e-04, 3.37998048e-04,
       3.51795382e-04, 3.50231527e-04, 3.58655034e-04, 3.52759201e-04,
       3.58301558e-04, 3.56549317e-04, 3.56095534e-04, 3.50822834e-04,
       3.59285314e-04, 3.65381199e-04, 3.73137306e-04, 3.73981586e-04,
       3.68448093e-04, 3.65897633e-04, 3.59210977e-04, 3.65002614e-04,
       3.72520558e-04, 3.50074932e-04, 3.36572131e-04, 3.20446129e-04,
       3.12563002e-04, 3.20076336e-04, 3.34162479e-04, 3.45216467e-04,
       3.20086230e-04, 3.15150303e-04, 3.09851993e-04, 3.20684881e-04,
       3.26394620e-04, 3.39782436e-04, 3.31581566e-04, 3.23118091e-04,
       3.37427619e-04, 3.43533117e-04, 3.55195553e-04, 3.52349419e-04,
       3.36075741e-04, 3.36147828e-04, 3.34359974e-04, 3.40560988e-04,
       3.39784777e-04, 3.39895146e-04, 3.11491268e-04, 3.33164353e-04,
       3.38024391e-04, 3.25847446e-04, 3.35237729e-04, 3.32542219e-04,
       3.33756038e-04, 3.35141125e-04, 3.36323644e-04, 3.42734488e-04,
       3.57153961e-04, 3.59762985e-04, 3.64077469e-04, 3.66313231e-04,
       3.48544840e-04, 3.45591343e-04, 3.38098182e-04, 3.44487471e-04,
       3.44516916e-04, 3.66497801e-04, 3.37753775e-04, 3.55169556e-04,
       3.50892095e-04, 3.60301613e-04, 3.53361867e-04, 3.38855269e-04,
       3.40301037e-04, 3.51468978e-04, 3.46396085e-04, 3.25949949e-04,
       3.33025770e-04, 3.07639616e-04, 3.26212163e-04, 3.34798203e-04,
       3.36560192e-04, 3.34136301e-04, 3.20585018e-04, 3.15779145e-04,
       3.23944301e-04, 3.40285328e-04, 3.37925946e-04, 3.35021051e-04,
       3.23419426e-04, 3.49963849e-04, 3.18571348e-04, 3.17959405e-04,
       3.24645369e-04, 3.32525268e-04, 3.22249530e-04, 3.13720187e-04,
       3.13709677e-04, 3.31005521e-04, 3.12177983e-04, 3.02603549e-04,
       3.00775394e-04, 3.05301940e-04, 2.83191903e-04, 2.82226522e-04,
       2.98669737e-04, 3.00308529e-04, 3.05857001e-04, 3.02526121e-04,
       2.96840794e-04, 2.94418410e-04, 2.76246802e-04, 2.83501691e-04,
       3.02910162e-04, 3.01900316e-04, 2.97925755e-04, 3.02025355e-04,
       2.94532152e-04, 2.96573752e-04, 2.88483405e-04, 2.81913144e-04,
       2.71920302e-04, 2.73060193e-04, 2.88099920e-04, 2.81864301e-04,
       2.80488567e-04, 2.85431737e-04, 2.81684811e-04, 3.00357449e-04,
       2.84874512e-04, 2.80359432e-04, 2.93816122e-04, 2.87832363e-04,
       2.90685330e-04, 2.93625992e-04, 2.83218102e-04, 3.01028036e-04,
       3.08873381e-04, 3.06787728e-04, 2.92488652e-04, 2.82402495e-04,
       2.78274195e-04, 2.82808297e-04, 2.83610500e-04, 2.77358686e-04,
       2.74184308e-04, 2.79155562e-04, 2.63578660e-04, 2.85299747e-04,
       2.73182633e-04, 2.75445856e-04, 2.97889425e-04, 2.97978472e-04,
       2.84237250e-04, 2.83376703e-04, 2.89395022e-04, 2.76412521e-04,
       2.69329895e-04, 2.69425896e-04, 2.60155572e-04, 2.67268506e-04,
       2.61644080e-04, 2.63463921e-04, 2.78379336e-04, 2.67140456e-04,
       2.59056316e-04, 2.56178919e-04, 2.59732853e-04, 2.70291960e-04,
       2.65919353e-04, 2.69634322e-04, 2.77816707e-04, 2.62192705e-04,
       2.64151728e-04, 2.68172007e-04, 2.75707893e-04, 2.73015969e-04,
       2.66661899e-04, 2.64528155e-04, 2.61570473e-04, 2.74025005e-04,
       2.72897273e-04, 2.62292941e-04, 2.69374700e-04, 2.84830911e-04,
       2.81773928e-04, 2.70146507e-04, 2.63709097e-04, 2.55215132e-04,
       2.63109463e-04, 2.60970765e-04, 2.59317359e-04, 2.55250862e-04,
       2.60771417e-04, 2.58905494e-04, 2.58333430e-04, 2.43273411e-04,
       2.56044400e-04, 2.49951244e-04, 2.52424988e-04, 2.50369449e-04,
       2.57863763e-04, 2.36610884e-04, 2.31686850e-04, 2.47518182e-04,
       2.48448071e-04, 2.59551590e-04, 2.56781617e-04, 2.51650973e-04,
       2.55092981e-04, 2.62860701e-04, 2.51951708e-04, 2.73252914e-04,
       2.58275135e-04, 2.65368259e-04, 2.61456366e-04, 2.65964236e-04,
       2.51560454e-04, 2.61147451e-04, 2.66720308e-04, 2.68100262e-04,
       2.63186481e-04, 2.64213116e-04, 2.56202780e-04, 2.48755813e-04,
       2.43199938e-04, 2.50247462e-04, 2.65790131e-04, 2.52583880e-04,
       2.68737062e-04, 2.74097060e-04, 2.66956696e-04, 2.58943668e-04,
       2.65653055e-04, 2.56734514e-04, 2.48892854e-04, 2.51082924e-04,
       2.52824906e-04, 2.50901159e-04, 2.65783766e-04, 2.59070180e-04,
       2.76400089e-04, 2.79376490e-04, 2.80162488e-04, 2.77568099e-04,
       2.77893444e-04, 2.86869698e-04, 2.83229537e-04, 2.80153636e-04,
       2.77707931e-04, 2.85132789e-04, 2.84195196e-04, 2.84022609e-04,
       2.80441802e-04, 2.73276576e-04, 2.79812374e-04, 2.87814382e-04,
       2.80725189e-04, 2.91888754e-04, 2.91414391e-04, 2.79974416e-04,
       2.82592601e-04, 2.80041939e-04, 2.87579507e-04, 2.78445802e-04,
       2.77104472e-04, 2.66258110e-04, 2.63693764e-04, 2.61156825e-04,
       2.73971260e-04, 2.81517534e-04, 2.70434522e-04, 2.64436711e-04,
       2.58323248e-04, 2.50916746e-04, 2.52894439e-04, 2.51847612e-04,
       2.57944379e-04, 2.64298620e-04, 2.64740440e-04, 2.58482865e-04,
       2.70543619e-04, 2.69753598e-04, 2.64878977e-04, 2.62313005e-04,
       2.71685776e-04, 2.66276208e-04, 2.79043751e-04, 2.83306953e-04,
       2.70259762e-04, 2.64758417e-04, 2.64986746e-04, 2.72684244e-04,
       2.59090063e-04, 2.62889122e-04, 2.61189673e-04, 2.66110602e-04,
       2.49749182e-04, 2.36306813e-04, 2.43383558e-04, 2.45356785e-04,
       2.51715813e-04, 2.43479536e-04, 2.49183612e-04, 2.42030802e-04,
       2.51545928e-04, 2.59042861e-04, 2.58181579e-04, 2.70914979e-04,
       2.79751083e-04, 2.68065533e-04, 2.74996942e-04, 2.63969607e-04,
       2.69141670e-04, 2.54602649e-04, 2.47254729e-04, 2.48679821e-04,
       2.47832336e-04, 2.51918452e-04, 2.43691476e-04, 2.41358839e-04,
       2.45601584e-04, 2.40045665e-04, 2.46774618e-04, 2.45149250e-04,
       2.43381047e-04, 2.31478047e-04, 2.31784342e-04, 2.46606925e-04,
       2.49351556e-04, 2.48548255e-04, 2.41935229e-04, 2.58940083e-04,
       2.41473564e-04, 2.36588189e-04, 2.38570920e-04, 2.33712193e-04,
       2.51586588e-04, 2.49415722e-04, 2.56637097e-04, 2.50006920e-04,
       2.50749021e-04, 2.61575251e-04, 2.58981685e-04, 2.51565762e-04,
       2.50106056e-04, 2.46469326e-04, 2.42405469e-04, 2.44781748e-04,
       2.41290890e-04, 2.38394289e-04, 2.31253978e-04, 2.36819953e-04,
       2.33480614e-04, 2.37876407e-04, 2.43609553e-04, 2.41499035e-04,
       2.40134811e-04, 2.35273622e-04, 2.38111595e-04, 2.41573088e-04,
       2.46977427e-04, 2.49041066e-04, 2.52566891e-04, 2.61640215e-04,
       2.62358687e-04, 2.55629237e-04, 2.60137780e-04, 2.54597060e-04,
       2.33846438e-04, 2.28739862e-04, 2.30834785e-04, 2.33020029e-04,
       2.50590951e-04, 2.38652018e-04, 2.33639675e-04, 2.37493397e-04,
       2.31883340e-04, 2.37951973e-04, 2.35643182e-04, 2.45812625e-04,
       2.32407638e-04, 2.33657976e-04, 2.31357800e-04, 2.38150139e-04,
       2.33565532e-04, 2.45819648e-04, 2.42611114e-04, 2.49064675e-04,
       2.48565613e-04, 2.49562735e-04, 2.55510672e-04, 2.56242444e-04,
       2.57285675e-04, 2.55934970e-04, 2.51642551e-04, 2.59363318e-04,
       2.52250168e-04, 2.69621145e-04, 2.65987914e-04, 2.56555627e-04,
       2.51920970e-04, 2.55461587e-04, 2.50784736e-04, 2.44341233e-04,
       2.43068996e-04, 2.43265611e-04, 2.53767806e-04, 2.44887468e-04,
       2.44016209e-04, 2.42105877e-04, 2.33059231e-04, 2.41396096e-04,
       2.45053477e-04, 2.42044895e-04, 2.50419837e-04, 2.52975702e-04,
       2.57507129e-04, 2.62991904e-04, 2.44124033e-04, 2.39202497e-04,
       2.42905252e-04, 2.35573459e-04, 2.51354807e-04, 2.52843838e-04,
       2.43111433e-04, 2.52508087e-04, 2.51365892e-04, 2.61180485e-04,
       2.66960350e-04, 2.54444834e-04, 2.48320970e-04, 2.57698870e-04,
       2.55295316e-04, 2.57197388e-04, 2.50565511e-04, 2.48592950e-04,
       2.28614581e-04, 2.37863505e-04, 2.18820340e-04, 2.21396594e-04,
       2.25421475e-04, 2.23495017e-04, 2.42152986e-04, 2.33356675e-04,
       2.30672417e-04, 2.40984201e-04, 2.40158438e-04, 2.40881144e-04,
       2.51521259e-04, 2.51047954e-04, 2.39891111e-04, 2.42069348e-04,
       2.41199836e-04, 2.39319064e-04, 2.42398468e-04, 2.46452134e-04,
       2.43743462e-04, 2.40315965e-04, 2.43971600e-04, 2.37331565e-04,
       2.38741553e-04, 2.36245113e-04, 2.30949436e-04, 2.34969177e-04,
       2.27921359e-04, 2.22094607e-04, 2.23434670e-04, 2.35729090e-04,
       2.31377820e-04, 2.29686852e-04, 2.36582604e-04, 2.32424199e-04,
       2.31791727e-04, 2.29547787e-04, 2.27670323e-04, 2.39172733e-04,
       2.46298776e-04, 2.45535237e-04, 2.35199358e-04, 2.41358841e-04,
       2.43496926e-04, 2.40640610e-04, 2.41440630e-04, 2.47436818e-04,
       2.44480722e-04, 2.32668652e-04, 2.33509059e-04, 2.33928401e-04,
       2.49695148e-04, 2.58450425e-04, 2.55441521e-04, 2.54995820e-04,
       2.58634977e-04, 2.60216839e-04, 2.54836590e-04, 2.43830010e-04,
       2.40931765e-04, 2.49215535e-04, 2.48426418e-04, 2.41683319e-04,
       2.44982054e-04, 2.54072616e-04, 2.48334173e-04, 2.49092859e-04,
       2.43904947e-04, 2.43767181e-04, 2.42216491e-04, 2.54030106e-04,
       2.49298457e-04, 2.49922416e-04, 2.51533738e-04, 2.46282862e-04,
       2.45549042e-04, 2.50876874e-04, 2.53510371e-04, 2.43896201e-04,
       2.36407453e-04, 2.37119577e-04, 2.43835900e-04, 2.48971925e-04,
       2.51723243e-04, 2.44527452e-04, 2.39860902e-04, 2.37451326e-04,
       2.38585207e-04, 2.31967127e-04, 2.32795279e-04, 2.39180523e-04,
       2.42304851e-04, 2.42681125e-04, 2.38714024e-04, 2.38074969e-04,
       2.48440102e-04, 2.45021951e-04, 2.45432562e-04, 2.38678308e-04,
       2.37326462e-04, 2.36350029e-04, 2.34512676e-04, 2.36712781e-04,
       2.40928868e-04, 2.42091715e-04, 2.43373486e-04, 2.46598907e-04,
       2.44554923e-04, 2.38630227e-04, 2.43411272e-04, 2.39018812e-04,
       2.30675891e-04, 2.36197691e-04, 2.33837754e-04, 2.37002963e-04,
       2.27745123e-04, 2.26501672e-04, 2.23934991e-04, 2.21722298e-04,
       2.24250947e-04, 2.38414346e-04, 2.42246173e-04, 2.38722309e-04,
       2.33425882e-04, 2.36715442e-04, 2.27862055e-04, 2.26421302e-04,
       2.29198388e-04, 2.22604929e-04, 2.20861710e-04, 2.20312937e-04,
       2.25716698e-04, 2.26628020e-04, 2.31903004e-04, 2.25246221e-04,
       2.22747094e-04, 2.33322678e-04, 2.39393320e-04, 2.39394299e-04,
       2.36467489e-04, 2.27289849e-04, 2.20195948e-04, 2.25680912e-04,
       2.18085070e-04, 2.13090952e-04, 2.17313511e-04, 2.18615482e-04,
       2.20287532e-04, 2.27968759e-04, 2.25216547e-04, 2.30113982e-04,
       2.30705140e-04, 2.30895361e-04, 2.35742847e-04, 2.28621291e-04,
       2.25688204e-04, 2.23202208e-04, 2.23858962e-04, 2.35664902e-04,
       2.31077015e-04, 2.28040523e-04, 2.21179222e-04, 2.26537232e-04,
       2.36550731e-04, 2.44735134e-04, 2.47288845e-04, 2.32696882e-04,
       2.30882784e-04, 2.36625285e-04, 2.43205428e-04, 2.45129661e-04,
       2.37406351e-04, 2.48146435e-04, 2.41402693e-04, 2.42712851e-04,
       2.41821776e-04, 2.33030995e-04, 2.20232078e-04, 2.22254736e-04,
       2.22782117e-04, 2.24902118e-04, 2.27122818e-04, 2.19651933e-04,
       2.29735560e-04, 2.33711567e-04, 2.31600691e-04, 2.30378830e-04,
       2.26382971e-04, 2.29206206e-04, 2.33132034e-04, 2.41785253e-04,
       2.40914635e-04, 2.25830214e-04, 2.33047411e-04, 2.32965539e-04,
       2.43864277e-04, 2.36010175e-04, 2.33614725e-04, 2.35554943e-04,
       2.30737540e-04, 2.29288260e-04, 2.23373988e-04, 2.26360174e-04,
       2.22498338e-04, 2.28408875e-04, 2.33519676e-04, 2.33050583e-04,
       2.33735539e-04, 2.36966238e-04, 2.35713119e-04, 2.30587050e-04,
       2.30574557e-04, 2.38350249e-04, 2.33800701e-04, 2.35805848e-04,
       2.34765530e-04, 2.36469397e-04, 2.31500173e-04, 2.30202094e-04,
       2.27602385e-04, 2.18480469e-04, 2.20576861e-04, 2.19308472e-04,
       2.22554427e-04, 2.30503446e-04, 2.45936593e-04, 2.34875128e-04,
       2.38554210e-04, 2.43794608e-04, 2.39945646e-04, 2.44300720e-04,
       2.51118273e-04, 2.42601055e-04, 2.38701777e-04, 2.34685246e-04,
       2.34456028e-04, 2.41230072e-04, 2.40955538e-04, 2.51103770e-04,
       2.38616619e-04, 2.30616317e-04, 2.33682969e-04, 2.34621543e-04,
       2.31597432e-04, 2.37932331e-04, 2.30820880e-04, 2.29184322e-04,
       2.32270915e-04, 2.41304075e-04, 2.36714846e-04, 2.35494608e-04,
       2.30897101e-04, 2.33962638e-04, 2.18681017e-04, 2.19717844e-04,
       2.20153003e-04, 2.17357638e-04, 2.25286546e-04, 2.25425041e-04,
       2.20215217e-04, 2.19724333e-04, 2.21047506e-04, 2.25570136e-04,
       2.28757897e-04, 2.32479941e-04, 2.29710578e-04, 2.32624264e-04,
       2.36600298e-04, 2.30254655e-04, 2.29070409e-04, 2.30165432e-04,
       2.35487335e-04, 2.36760660e-04, 2.29831093e-04, 2.27496012e-04,
       2.29666808e-04, 2.33860046e-04, 2.27214702e-04, 2.31786054e-04,
       2.27565238e-04, 2.23348028e-04, 2.24886457e-04, 2.29832735e-04,
       2.27127288e-04, 2.32133575e-04, 2.28470313e-04, 2.30481958e-04,
       2.20938418e-04, 2.21751063e-04, 2.23789667e-04, 2.24451770e-04,
       2.18591786e-04, 2.12650046e-04, 2.12119024e-04, 2.11612851e-04,
       2.17845636e-04, 2.23361442e-04, 2.28021801e-04, 2.22733159e-04,
       2.10052544e-04, 2.16098707e-04, 2.14511588e-04, 2.20638414e-04,
       2.25722634e-04, 2.20004206e-04, 2.14702847e-04, 2.14660911e-04,
       2.13695372e-04, 2.08516274e-04, 2.09857643e-04, 2.09538053e-04,
       2.10863071e-04, 2.13973269e-04, 2.17358899e-04, 2.22588031e-04,
       2.31184837e-04, 2.21943079e-04, 2.17717276e-04, 2.16205682e-04,
       2.05260150e-04, 2.10769349e-04, 2.06472604e-04, 2.05732050e-04,
       2.15233565e-04, 2.13146604e-04, 2.12809703e-04, 2.07437013e-04,
       2.14090319e-04, 2.17455055e-04, 2.18109439e-04, 2.16920930e-04,
       2.23637431e-04, 2.25949372e-04, 2.18594941e-04, 2.17584674e-04,
       2.23746369e-04, 2.18729311e-04, 2.14839859e-04, 2.19422667e-04,
       2.16916204e-04, 2.24901152e-04, 2.22766251e-04, 2.19636144e-04,
       2.21222734e-04, 2.23726620e-04, 2.23949248e-04, 2.26404243e-04,
       2.19329863e-04, 2.23300370e-04, 2.23074356e-04, 2.22982947e-04,
       2.06755631e-04, 2.16179214e-04, 2.15427110e-04, 2.16499950e-04,
       2.09919809e-04, 2.13791882e-04, 2.12507264e-04, 2.07572350e-04,
       2.07264279e-04, 2.15895575e-04, 2.11674761e-04, 2.10555809e-04,
       2.11812325e-04, 2.11866866e-04, 2.04848778e-04, 2.03757423e-04,
       1.97745187e-04, 1.92042846e-04, 1.89897438e-04, 1.91438208e-04,
       1.90156291e-04, 1.89485980e-04, 1.82973686e-04, 1.85593257e-04,
       1.87876746e-04, 1.87825421e-04, 1.92079620e-04, 1.83927106e-04,
       1.90573418e-04, 1.86434725e-04, 1.80702645e-04, 1.86255534e-04,
       1.89932044e-04, 1.89668184e-04, 1.94977312e-04, 1.98822444e-04,
       1.95870939e-04, 1.99629269e-04, 1.96859609e-04, 1.95712585e-04,
       1.98401170e-04, 1.98482224e-04, 1.89541658e-04, 1.87233321e-04,
       1.86769247e-04, 1.89743930e-04, 1.90401982e-04, 1.94417812e-04,
       1.90685917e-04, 1.94995281e-04, 1.92968466e-04, 1.93605902e-04,
       1.83635392e-04, 1.80811973e-04, 1.82036135e-04, 1.80347804e-04,
       1.83389197e-04, 1.85182569e-04, 1.95895633e-04, 1.97326891e-04,
       1.82111265e-04, 1.83301740e-04, 1.82878000e-04, 1.75499558e-04,
       1.73028866e-04, 1.78505207e-04, 1.75906432e-04, 1.66999462e-04,
       1.66221352e-04, 1.66430374e-04, 1.66147169e-04, 1.67531362e-04,
       1.76962267e-04, 1.67606304e-04, 1.69571456e-04, 1.67933931e-04,
       1.67967238e-04, 1.59902659e-04, 1.57736331e-04, 1.59981668e-04,
       1.64103008e-04, 1.66466546e-04, 1.65980054e-04, 1.62932602e-04,
       1.63188645e-04, 1.62297371e-04, 1.60016499e-04, 1.65311290e-04,
       1.61090402e-04, 1.57721414e-04, 1.60775202e-04, 1.59483735e-04,
       1.58658394e-04, 1.58455296e-04, 1.58921995e-04, 1.59126187e-04,
       1.61284725e-04, 1.71615810e-04, 1.69804917e-04, 1.68464064e-04,
       1.65505728e-04, 1.71882261e-04, 1.77403938e-04, 1.69402601e-04,
       1.61160496e-04, 1.56840813e-04, 1.60794977e-04, 1.59959338e-04,
       1.58405565e-04, 1.56169943e-04, 1.55270860e-04, 1.54744357e-04,
       1.51952717e-04, 1.50008656e-04, 1.52470367e-04, 1.57635126e-04,
       1.58005796e-04, 1.57753412e-04, 1.57556332e-04, 1.54949549e-04,
       1.55597673e-04, 1.51544929e-04, 1.46621287e-04, 1.51389577e-04,
       1.49646662e-04, 1.48666622e-04, 1.48004755e-04, 1.41498330e-04,
       1.39759945e-04, 1.40805072e-04, 1.43025116e-04, 1.41171150e-04,
       1.48423013e-04, 1.45458690e-04, 1.40826460e-04, 1.47230063e-04,
       1.43512448e-04, 1.43007604e-04, 1.42975012e-04, 1.42442508e-04,
       1.44118276e-04, 1.49342510e-04, 1.49718998e-04, 1.51088070e-04,
       1.49146494e-04, 1.50680779e-04, 1.55593796e-04, 1.50893079e-04,
       1.52033431e-04, 1.46348325e-04, 1.45194183e-04, 1.46731764e-04,
       1.51338850e-04, 1.46722350e-04, 1.40786706e-04, 1.40472741e-04,
       1.42972627e-04, 1.54049129e-04, 1.50354902e-04, 1.52021647e-04,
       1.52924668e-04, 1.47040751e-04, 1.37251485e-04, 1.36410249e-04,
       1.38362000e-04, 1.33977834e-04, 1.39132599e-04, 1.32820838e-04,
       1.32492089e-04, 1.37001518e-04, 1.36484328e-04, 1.34621853e-04,
       1.39198326e-04, 1.29074078e-04, 1.28425883e-04, 1.26965874e-04,
       1.26895890e-04, 1.27616640e-04, 1.33446781e-04, 1.30380442e-04,
       1.31179146e-04, 1.37648836e-04, 1.36560861e-04, 1.27513545e-04,
       1.26497223e-04, 1.31561796e-04, 1.27882157e-04, 1.26157753e-04,
       1.31087804e-04, 1.34027281e-04, 1.24364137e-04, 1.18702246e-04,
       1.19480722e-04, 1.15902874e-04, 1.18699700e-04, 1.24941921e-04,
       1.32448642e-04, 1.32519718e-04, 1.31915690e-04, 1.25676569e-04,
       1.25915107e-04, 1.23065411e-04, 1.24794300e-04, 1.23400788e-04,
       1.23424350e-04, 1.23208356e-04, 1.22330044e-04, 1.25504943e-04,
       1.31923720e-04, 1.33517633e-04, 1.38424892e-04, 1.35108383e-04,
       1.37798975e-04, 1.30329736e-04, 1.30127336e-04, 1.36905007e-04,
       1.27350071e-04, 1.27037068e-04, 1.25652354e-04, 1.27987484e-04,
       1.22647977e-04, 1.24812495e-04, 1.22821703e-04, 1.17499284e-04,
       1.10376396e-04, 1.10821469e-04, 1.08840588e-04, 1.14022086e-04,
       1.25258271e-04, 1.23637687e-04, 1.23852666e-04, 1.21480783e-04,
       1.21214343e-04, 1.19048086e-04, 1.26794361e-04, 1.24537414e-04,
       1.18915227e-04, 1.18940396e-04, 1.15566055e-04, 1.06584498e-04,
       1.10403693e-04, 1.09180699e-04, 1.17494314e-04, 1.17859265e-04,
       1.19305624e-04, 1.17711695e-04, 1.08504078e-04, 1.07277591e-04,
       1.02384861e-04, 1.09782971e-04, 1.12837359e-04, 1.19750395e-04,
       1.16656350e-04, 1.14158823e-04, 1.09580484e-04, 1.08685206e-04,
       1.10861946e-04, 1.06746049e-04, 1.02438208e-04, 1.08614772e-04,
       1.09993778e-04, 1.09973309e-04, 1.12455420e-04, 1.11149852e-04,
       1.09313759e-04, 1.14458912e-04, 1.11491713e-04, 1.15823999e-04,
       1.14041536e-04, 1.09215246e-04, 1.12982673e-04, 1.06883759e-04,
       1.09054447e-04, 1.07748399e-04, 1.04021327e-04, 1.02641109e-04,
       1.01274351e-04, 1.05954794e-04, 1.08419280e-04, 1.05446130e-04,
       1.02954660e-04, 1.06198429e-04, 1.07543396e-04, 1.11612529e-04,
       1.11150323e-04, 1.05331188e-04, 1.04985613e-04, 1.08138285e-04,
       1.04682587e-04, 1.07366700e-04, 1.00863192e-04, 9.71626432e-05,
       9.77558865e-05, 9.87400260e-05, 9.92154068e-05, 9.48730550e-05,
       9.46993868e-05, 9.37081939e-05, 8.83864897e-05, 8.81609450e-05,
       9.13685914e-05, 8.79148731e-05, 8.94517825e-05, 8.88957972e-05,
       9.35469223e-05, 9.28672621e-05, 9.59273398e-05, 9.48316183e-05,
       1.02297329e-04, 1.00733837e-04, 9.53355720e-05, 9.71191082e-05,
       1.00529798e-04, 9.47893112e-05, 9.54066190e-05, 9.73539699e-05,
       9.02816553e-05, 9.23197790e-05, 9.54430067e-05, 9.38493303e-05,
       9.61426428e-05, 9.68917941e-05, 9.09403708e-05, 9.87759453e-05,
       9.92440789e-05, 8.86948439e-05, 9.35978792e-05, 8.96953851e-05,
       8.69803898e-05, 8.89535427e-05, 8.43371512e-05, 8.62040711e-05,
       8.74641575e-05, 9.20914547e-05, 8.17822224e-05, 7.98260058e-05,
       8.27362131e-05, 7.91746887e-05, 8.25021029e-05, 8.13548463e-05,
       7.79745552e-05, 8.49201000e-05, 8.42569538e-05, 8.98514759e-05,
       8.50994332e-05, 8.41938118e-05, 8.15665878e-05, 8.25642447e-05,
       7.76749898e-05, 7.96947555e-05, 8.07279681e-05, 8.18690599e-05,
       8.61375292e-05, 8.22704587e-05, 8.40850664e-05, 8.41288557e-05,
       8.63150094e-05, 8.30844712e-05, 8.57242124e-05, 8.30344911e-05,
       8.05415597e-05, 7.94596382e-05, 7.75728778e-05, 7.78073385e-05,
       7.59783638e-05, 8.07677811e-05, 7.87368474e-05, 8.10863127e-05,
       8.29744139e-05, 7.97029368e-05, 7.58258107e-05, 7.51168286e-05,
       7.52289119e-05, 7.33061546e-05, 7.51181677e-05, 7.38855837e-05,
       7.99446588e-05, 7.51961610e-05, 7.37812385e-05, 7.42569049e-05,
       7.79245279e-05, 7.71799785e-05, 7.96520448e-05, 7.30424843e-05,
       7.57522205e-05, 7.22642362e-05, 6.90265844e-05, 6.98800966e-05,
       7.03109168e-05, 7.09065967e-05, 7.21788215e-05, 7.08190957e-05,
       6.78324518e-05, 6.78347301e-05, 7.00065821e-05, 7.10613573e-05,
       7.27389277e-05, 6.90687202e-05, 6.38029980e-05, 6.37093474e-05,
       6.07892802e-05, 5.97747208e-05, 6.04458916e-05, 6.27721692e-05,
       6.17880150e-05, 6.02084337e-05, 5.95280191e-05, 6.24231202e-05,
       6.23324420e-05, 6.53464771e-05, 5.98613957e-05, 5.78998805e-05,
       5.84343903e-05, 5.59916789e-05, 5.56932772e-05, 5.53605324e-05,
       5.70988057e-05, 5.90485407e-05, 6.11879202e-05, 5.93368861e-05,
       6.01525411e-05, 6.17550218e-05, 6.19579030e-05, 6.16251755e-05,
       6.29602127e-05, 6.68816268e-05, 6.34779172e-05, 6.52888344e-05,
       6.29382030e-05, 7.09111249e-05, 6.85891610e-05, 6.31719418e-05,
       6.18557137e-05, 6.12817293e-05, 5.93552468e-05, 6.15513943e-05,
       6.05750036e-05, 6.41494706e-05, 6.59972744e-05, 6.74420117e-05,
       6.50406915e-05, 6.64238772e-05, 6.36351941e-05, 6.13016223e-05,
       5.68562983e-05, 5.46813991e-05, 5.87253000e-05, 5.76729622e-05,
       6.35078987e-05, 5.92552214e-05, 5.93670805e-05, 5.78621450e-05,
       5.99057838e-05, 5.89662916e-05, 5.58239578e-05, 5.77836348e-05,
       5.65580291e-05, 5.63839815e-05, 5.34205320e-05, 5.60271313e-05,
       5.33508140e-05, 5.17602262e-05, 5.16340332e-05, 5.35379988e-05,
       5.17054762e-05, 5.42983165e-05, 5.13909933e-05, 5.20365332e-05,
       5.06577891e-05, 5.00349079e-05, 4.56152255e-05, 4.67287644e-05,
       4.46179674e-05, 4.82851499e-05, 4.71586823e-05, 4.44749178e-05,
       4.70948333e-05, 4.04165269e-05, 4.41639061e-05, 4.70867181e-05,
       4.69300943e-05, 4.55482415e-05, 4.23904056e-05, 4.27368912e-05,
       3.91987032e-05, 4.30668602e-05, 4.13468358e-05, 4.47680108e-05,
       4.39175196e-05, 4.27484488e-05, 4.49054552e-05, 3.94096972e-05,
       4.03359530e-05, 3.91529902e-05, 4.10437165e-05, 3.89827229e-05,
       3.70121721e-05, 3.51430028e-05, 3.86771890e-05, 3.85288957e-05,
       3.96489023e-05, 3.89051496e-05, 3.96690759e-05, 3.71924842e-05,
       3.89780052e-05, 3.71905578e-05, 3.55918777e-05, 3.84985951e-05,
       3.81645302e-05, 3.96449508e-05, 3.94105013e-05, 3.74735523e-05,
       3.79558688e-05, 3.48683564e-05, 3.48226755e-05, 3.66232718e-05,
       3.79337728e-05, 3.80154324e-05, 3.75264499e-05, 3.76666435e-05,
       3.62437994e-05, 3.57888888e-05, 3.24413373e-05, 3.56072495e-05,
       3.49823513e-05, 3.55057466e-05, 3.67755898e-05, 3.55454020e-05,
       3.42414758e-05, 3.31544528e-05, 3.24514742e-05, 3.39279425e-05,
       3.70286961e-05, 3.78067616e-05, 3.55358444e-05, 3.62157228e-05,
       3.35230793e-05, 3.18417329e-05, 3.05144771e-05, 2.69753965e-05,
       3.03012941e-05, 2.94206060e-05, 3.12707499e-05, 3.25114231e-05,
       3.45997626e-05, 3.27251379e-05, 3.02586530e-05, 3.08149008e-05,
       2.88793218e-05, 2.84917373e-05, 3.34314738e-05, 3.20800916e-05,
       3.17687127e-05, 3.01372926e-05, 3.12080190e-05, 2.94300604e-05,
       3.10316795e-05, 3.39066684e-05, 3.25430246e-05, 3.09121948e-05,
       3.21655756e-05, 3.00950227e-05, 3.00535593e-05, 2.98083250e-05,
       3.19424836e-05, 3.08471189e-05, 2.89835223e-05, 2.68810358e-05,
       2.67196977e-05, 2.62241796e-05, 2.90532821e-05, 3.06476920e-05,
       2.83045384e-05, 2.78351116e-05, 2.71545137e-05, 2.65126837e-05,
       2.41665776e-05, 2.52717332e-05, 2.62722682e-05, 2.79804286e-05,
       2.82071350e-05, 2.52129385e-05, 2.51446306e-05, 2.69401386e-05,
       2.41181543e-05, 2.46100678e-05, 2.20445071e-05, 2.28576709e-05,
       2.39202703e-05, 2.77283493e-05, 2.66129231e-05, 2.66931486e-05,
       2.66403768e-05, 3.07843872e-05, 2.99366103e-05, 2.75195609e-05,
       2.66774913e-05, 2.24791283e-05, 2.60703473e-05, 2.46473897e-05,
       2.42087909e-05, 2.48270589e-05, 2.70166283e-05, 2.59983239e-05,
       2.48101921e-05, 2.27105634e-05, 2.34030627e-05, 2.48345318e-05,
       2.29879550e-05, 2.07146233e-05, 2.19617757e-05, 2.16154116e-05,
       2.01402189e-05, 1.95077207e-05, 2.20779518e-05, 2.18730563e-05,
       2.04987050e-05, 2.04694904e-05, 1.99873833e-05, 2.03219908e-05,
       2.36639200e-05, 2.01612710e-05, 1.73813525e-05, 1.73958735e-05,
       1.71523084e-05, 1.87353282e-05, 1.62649361e-05, 1.78024964e-05,
       1.63541317e-05, 1.75960626e-05, 1.78706766e-05, 1.69445587e-05,
       1.74273726e-05, 1.85323980e-05, 1.93799177e-05, 1.81812927e-05,
       1.98164076e-05, 1.87522816e-05, 2.13115471e-05, 1.89823661e-05,
       1.75420012e-05, 1.90495024e-05, 2.00398576e-05, 2.16732586e-05,
       2.21635796e-05, 2.06648259e-05, 1.82954139e-05, 1.96274755e-05,
       2.03228484e-05, 1.87541006e-05, 2.06935529e-05, 2.05256916e-05,
       2.00407607e-05, 1.70837634e-05, 1.68267563e-05, 1.81995161e-05,
       1.59739394e-05, 1.48980020e-05, 1.57879083e-05, 1.76679896e-05,
       1.56131764e-05, 1.69637509e-05, 1.92584967e-05, 1.91001780e-05,
       1.81056575e-05, 1.61404226e-05, 1.53769170e-05, 1.49771372e-05,
       1.51134506e-05, 1.44579884e-05, 1.41886316e-05, 1.47722931e-05,
       1.54149865e-05, 1.51938484e-05, 1.48849997e-05, 1.40723602e-05,
       1.58125478e-05, 1.51132724e-05, 1.26352502e-05, 1.31467006e-05,
       1.40857744e-05, 1.57201687e-05, 1.48127143e-05, 1.55482065e-05,
       1.78511560e-05, 1.80935163e-05, 1.67749920e-05, 1.81513711e-05,
       1.96500697e-05, 2.04805091e-05, 2.00523324e-05, 1.88416282e-05,
       1.84654127e-05, 1.49442161e-05, 1.43267179e-05, 1.36313353e-05,
       1.51522971e-05, 1.45584249e-05, 1.52641292e-05, 1.51009523e-05,
       1.46533638e-05, 1.58989481e-05, 1.45948724e-05, 1.44504932e-05,
       1.51680977e-05, 1.30723740e-05, 1.32370484e-05, 1.11886092e-05,
       1.12477450e-05, 1.26466453e-05, 1.23585076e-05, 1.17033782e-05,
       1.21770510e-05, 1.15329715e-05, 1.00558333e-05, 1.10761670e-05,
       1.05195364e-05, 1.20579549e-05, 1.27058892e-05, 1.04452135e-05,
       1.14547837e-05, 1.13653630e-05, 9.61538828e-06, 1.10814226e-05,
       1.01758054e-05, 9.35564670e-06, 1.02059331e-05, 1.07032560e-05,
       1.07936413e-05, 9.88717538e-06, 9.30376428e-06, 8.51415232e-06,
       7.68980447e-06, 8.02247241e-06, 7.81009994e-06, 7.17462136e-06,
       8.03817079e-06, 8.48362291e-06, 7.25673922e-06, 7.93986902e-06,
       7.53963513e-06, 9.04041678e-06, 8.53634474e-06, 7.82038329e-06,
       8.13790247e-06, 7.91647668e-06, 6.60139488e-06, 8.14952733e-06,
       6.16328851e-06, 7.69534382e-06, 7.61807696e-06, 8.49425979e-06,
       7.61827340e-06, 8.60412604e-06, 6.95786761e-06, 6.10595021e-06,
       6.58024539e-06, 6.15455741e-06, 6.10028052e-06, 7.94097870e-06,
       8.25272839e-06, 7.48364395e-06, 7.30085576e-06, 7.80955858e-06,
       6.73853472e-06, 6.92301357e-06, 6.15840350e-06, 6.54238921e-06,
       6.29454411e-06, 6.88936448e-06, 4.98374281e-06, 5.37969732e-06,
       5.16824192e-06, 4.70164276e-06, 4.44439962e-06, 4.31277535e-06,
       4.70791550e-06, 4.94506195e-06, 5.28161975e-06, 5.59836914e-06,
       5.83104178e-06, 5.85532961e-06, 7.01238134e-06, 5.38600618e-06,
       5.07855943e-06, 5.37578955e-06, 4.90243454e-06, 6.22515057e-06,
       6.81049001e-06, 5.79665670e-06, 5.81678825e-06, 4.93151292e-06,
       5.19596826e-06, 5.54865508e-06, 5.27143485e-06, 4.78463714e-06,
       5.36170332e-06, 5.88963504e-06, 5.79209441e-06, 5.50196203e-06,
       5.89828608e-06, 6.82810486e-06, 7.25577852e-06, 7.16060216e-06,
       6.94929412e-06, 6.65212460e-06, 6.96371745e-06, 7.60807133e-06,
       7.51252084e-06, 8.36126232e-06, 9.34886570e-06, 1.00994830e-05,
       8.03471897e-06, 8.47679769e-06, 7.89511642e-06, 6.70882713e-06,
       7.72071936e-06, 7.65863619e-06, 7.28281754e-06, 6.65693915e-06,
       5.67899705e-06, 6.61643568e-06, 4.96514018e-06, 4.59992294e-06,
       3.62352858e-06, 3.21016042e-06, 3.20273678e-06, 3.22263186e-06,
       4.33926004e-06, 4.42449348e-06, 3.40723955e-06, 4.91157880e-06,
       6.61166512e-06, 6.10643116e-06, 6.24706773e-06, 5.70022615e-06,
       5.88609556e-06, 4.41995749e-06, 5.77228371e-06, 5.43121993e-06,
       4.39020323e-06, 4.25535933e-06, 4.56851322e-06, 5.28785933e-06,
       5.50692517e-06, 3.61426699e-06, 3.65655370e-06, 2.71803014e-06,
       2.54564083e-06, 2.20553209e-06, 2.25241746e-06, 2.13362782e-06,
       1.99137484e-06, 1.54380975e-06, 1.30513769e-06, 1.90627361e-06,
       2.56958624e-06, 2.61000522e-06, 1.85455168e-06, 1.82117648e-06,
       2.14381005e-06, 2.48743873e-06, 2.63717554e-06, 2.49396310e-06,
       2.55367601e-06, 2.25684077e-06, 3.22501587e-06, 3.75858734e-06,
       3.37869364e-06, 3.81758857e-06, 3.60810096e-06, 3.56237965e-06,
       2.67127649e-06, 3.08879619e-06, 2.10529733e-06, 2.84438184e-06,
       2.37999979e-06, 1.98377442e-06, 2.18944368e-06, 2.05651519e-06,
       1.60234394e-06, 1.88296950e-06, 2.28180059e-06, 2.07904602e-06,
       1.81809059e-06, 2.21515281e-06, 2.26276805e-06, 2.50375296e-06,
       2.21755325e-06, 1.91810673e-06, 1.71375582e-06, 2.35293704e-06,
       4.14749429e-06, 3.24649341e-06, 2.34874212e-06, 1.49724067e-06,
       2.08636506e-06, 1.96831219e-06, 1.71035773e-06, 1.44516781e-06,
       2.28939812e-06, 2.13894607e-06, 1.68742239e-06, 1.89685925e-06,
       1.82220975e-06, 1.53366181e-06, 1.56325939e-06, 2.06609571e-06,
       2.06387862e-06, 1.91902085e-06, 1.71192585e-06, 2.26567081e-06,
       1.88978296e-06, 2.76225079e-06, 2.33544568e-06, 1.50185850e-06,
       1.81532796e-06, 1.89476071e-06, 2.34668671e-06, 1.92640963e-06,
       2.72569376e-06, 2.12122036e-06, 2.20564907e-06, 1.62058579e-06,
       1.99021575e-06, 2.05695500e-06, 1.58265917e-06, 9.81931215e-07,
       9.37493765e-07, 1.46723393e-06, 1.36008051e-06, 1.54539957e-06,
       1.13302159e-06, 1.01591426e-06, 9.20381319e-07, 7.41203043e-07,
       8.42571843e-07, 1.05481512e-06, 1.07637196e-06, 1.44279865e-06,
       1.71853290e-06, 1.93282260e-06, 1.51058004e-06, 1.57151441e-06,
       1.79127670e-06, 1.52790429e-06, 1.85944812e-06, 1.97982268e-06,
       1.67193802e-06, 1.63013068e-06, 2.25587856e-06, 1.90643919e-06,
       2.11622588e-06, 2.15733329e-06, 1.94916156e-06, 1.27437726e-06,
       9.22901938e-07, 8.88928473e-07, 8.56770483e-07, 1.12131238e-06,
       9.41622012e-07, 7.75678406e-07, 4.46332715e-07, 6.83914446e-07,
       6.25050647e-07, 5.44397250e-07, 5.38822943e-07, 4.48516360e-07,
       3.89229259e-07, 7.10745608e-07, 4.50229172e-07, 3.52362127e-07,
       5.90700378e-07, 5.59362081e-07, 1.00988584e-06, 4.52513979e-07,
       5.15232245e-07, 8.04050460e-07, 1.13992643e-06, 1.11487148e-06,
       1.56698070e-06, 1.54004068e-06, 1.17100649e-06, 1.40216132e-06,
       1.29583997e-06, 1.27311910e-06, 9.96467494e-07, 7.64638098e-07,
       6.10866225e-07, 7.78081811e-07, 4.44917743e-07, 4.52120323e-07,
       7.48156463e-07, 7.13387342e-07, 9.50736383e-07, 8.79189217e-07,
       8.69127666e-07, 6.11097894e-07, 9.28992592e-07, 9.10497312e-07,
       1.54139308e-06, 1.42868072e-06, 1.22239816e-06, 1.14056646e-06,
       9.01259465e-07, 5.39888356e-07, 1.11768141e-06, 1.31525212e-06,
       1.73247090e-06, 1.69969247e-06, 1.08081225e-06, 6.28338274e-07,
       1.11184064e-06, 1.15915385e-06, 1.05430237e-06, 1.14085470e-06,
       1.13901699e-06, 1.14656279e-06, 9.80949205e-07, 9.03658439e-07,
       6.53937218e-07, 9.36374321e-07, 7.69623453e-07, 1.10692428e-06,
       1.25965053e-06, 1.43176800e-06, 9.66083972e-07, 1.07683283e-06,
       1.15349906e-06, 3.42226177e-07, 1.01304608e-06, 8.90016462e-07,
       7.39730559e-07, 6.07717186e-07, 4.12402001e-07, 3.62365946e-07,
       3.79420731e-07, 5.98110593e-07, 1.06101659e-06, 5.34008777e-07,
       2.25968275e-07, 2.01583297e-07, 2.90716999e-07, 8.71856516e-07,
       1.03543951e-06, 1.31251151e-06, 1.30966727e-06, 1.48935363e-06,
       1.01883061e-06, 7.14502621e-07, 5.99886460e-07, 4.60295974e-07,
       3.51922545e-07, 6.84797606e-07, 5.56259412e-07, 6.76888902e-07,
       5.16504196e-07, 4.64868560e-07, 4.23415296e-07, 7.96347655e-07,
       8.95223824e-07, 1.01940749e-06, 8.49320881e-07, 8.71719129e-07,
       7.51285107e-07, 8.67275338e-07, 5.75780587e-07, 8.35506389e-07,
       3.83755588e-07, 3.56010483e-07, 4.88929983e-07, 6.72332791e-07,
       5.58844509e-07, 2.81754356e-07, 2.19609060e-07, 2.72899020e-07,
       3.10243771e-07, 4.03519970e-07, 2.30738728e-07, 3.75444567e-07,
       1.77274285e-07, 5.14594794e-07, 4.26164439e-07, 1.47773699e-07,
       3.34751376e-07, 2.28336929e-07, 3.14706962e-07, 2.15282057e-07,
       2.35140663e-07, 1.23336313e-07, 1.97789901e-07, 2.26081689e-07,
       1.67572430e-07, 5.21217108e-07, 3.72008913e-07, 3.76942710e-07,
       2.10895461e-07, 2.74703610e-07, 4.74069855e-07, 4.97698543e-07,
       3.49521239e-07, 3.19527632e-07, 2.65694458e-07, 1.88455821e-07,
       2.22173958e-07, 2.74170199e-07, 3.46201048e-07, 3.49059336e-07,
       4.01083970e-07, 3.80080929e-07, 5.55892907e-07, 3.12408096e-07,
       7.33436084e-07, 6.95972433e-07, 8.09180487e-07, 2.02245834e-06,
       1.77895809e-06, 1.49331469e-06, 1.67887693e-06, 2.14327925e-06,
       1.36903616e-06, 1.28178628e-06, 4.22660372e-07, 3.41433377e-07,
       3.46645307e-07, 4.75906974e-07, 8.69704495e-07, 5.00536591e-07,
       4.64148414e-07, 4.68797686e-07, 2.75602945e-07, 5.16194076e-07,
       6.81080172e-07, 3.66301248e-07, 4.03113633e-07, 1.61538718e-07,
       2.32144041e-07, 2.68235285e-07, 2.13801730e-07, 9.85378463e-08,
       5.65932687e-08, 1.74348843e-08, 5.32615196e-08, 3.84251954e-08,
       4.59148651e-08, 1.12781146e-07, 7.94393747e-09, 3.43656728e-08,
       7.95078100e-08, 2.09945142e-08, 6.54337639e-10, 3.58319215e-08,
       4.48532996e-09, 3.10933308e-09, 2.21747926e-09, 3.65388594e-08,
       8.73487992e-08, 9.12346010e-08, 2.43148633e-07, 1.44437745e-07,
       5.97640197e-08, 1.35467456e-07, 4.78718680e-08, 1.05152908e-07,
       4.47119250e-09, 9.34018968e-08, 8.30948955e-08, 1.97082155e-07,
       1.61927704e-07, 1.08426504e-07, 6.89831355e-08, 5.37799826e-08,
       3.57433062e-08, 2.97406280e-08, 7.79774798e-08]), array([1.43684220e-03, 4.20619730e-04, 7.84358626e-05, 9.59428343e-07,
       3.44678384e-06, 3.17634297e-05, 1.09582639e-05, 9.78423119e-06,
       7.55551419e-06, 2.26358817e-05, 1.50663281e-03, 1.23595910e-03,
       2.39070471e-03, 5.58093629e-04, 3.44025210e-03, 5.39212362e-04,
       2.61553142e-03, 6.66430038e-03, 3.59954110e-03, 3.16359745e-03,
       4.80056171e-03, 1.10026226e-02, 8.87548869e-03, 1.37105848e-02,
       6.02641960e-03, 8.73593162e-03, 1.14502435e-02, 1.05727001e-02,
       1.61851402e-02, 1.28765080e-02, 7.72668982e-03, 2.09366247e-02,
       1.31912389e-02, 9.21025914e-03, 1.06682663e-02, 9.50459716e-03,
       5.98182629e-03, 5.89153630e-03, 5.45000908e-03, 3.15844597e-03,
       4.25942183e-03, 3.79614018e-03, 2.93879109e-03, 2.35266425e-03,
       2.19406410e-03, 2.49263062e-03, 3.16342182e-03, 2.39187479e-03,
       2.25601079e-03, 2.61588014e-03, 3.35215484e-03, 4.51613156e-03,
       4.99667707e-03, 6.98860164e-03, 7.57519150e-03, 9.50164101e-03,
       1.18703554e-02, 1.44217204e-02, 1.56005654e-02, 1.64177305e-02,
       1.82816924e-02, 1.96796570e-02, 2.09758692e-02, 2.35017388e-02,
       2.22696133e-02, 2.31550015e-02, 2.12280967e-02, 1.88748155e-02,
       1.74204186e-02, 1.46348672e-02, 1.28231251e-02, 9.91025774e-03,
       8.27732222e-03, 7.63645369e-03, 6.14734987e-03, 5.40056373e-03,
       4.63182560e-03, 4.38174494e-03, 4.22919741e-03, 3.21059965e-03,
       2.58346423e-03, 2.16139183e-03, 2.11186870e-03, 2.02324969e-03,
       1.88715629e-03, 2.08141180e-03, 2.33935827e-03, 2.58406065e-03,
       3.02881900e-03, 1.31835115e-02, 2.37558186e-01, 1.85566979e-02,
       1.24107388e-02, 1.23609524e-02, 1.24124613e-02, 1.06256820e-02,
       9.39426703e-03, 7.92809357e-03, 6.81883521e-03, 5.79536570e-03,
       5.25804133e-03, 4.21366861e-03, 2.98851211e-03, 2.08234741e-03,
       1.46237957e-03, 8.89472094e-04, 5.74887616e-04, 3.35292441e-04,
       1.53365077e-04, 4.83718608e-05, 4.31043126e-05, 2.30085257e-05,
       1.14838109e-05, 6.09390022e-06])]
---

